label,path,junction_bp,junction_index,n_positions,first_bp,last_bp,input_contact_apc_applied,plot_apc_applied,mask_diagonal,mask_junction,block,mean,median,p95,cross_minus_within_median,cross_over_within_median,cross_within_p95_contrast
m0_dnagpt_gm12878_1_0,figures/bp_jacobian/m0_dnagpt_gm12878_1_0_cj.npz,2096,2096,4096,0,4095,True,False,0,0,enh_enh,0.01183045469224453,0.004017777740955353,0.21019494533538818,-0.022503796964883804,-4.046044778425897,-0.2759478313313565
m0_dnagpt_gm12878_1_0,figures/bp_jacobian/m0_dnagpt_gm12878_1_0_cj.npz,2096,2096,4096,0,4095,True,False,0,0,enh_prom,-0.012304853647947311,-0.018044129014015198,0.10733667016029358,-0.022503796964883804,-4.046044778425897,-0.2759478313313565
m0_dnagpt_gm12878_1_0,figures/bp_jacobian/m0_dnagpt_gm12878_1_0_cj.npz,2096,2096,4096,0,4095,True,False,0,0,prom_enh,-0.012304858304560184,-0.018044084310531616,0.10733640193939209,-0.022503796964883804,-4.046044778425897,-0.2759478313313565
m0_dnagpt_gm12878_1_0,figures/bp_jacobian/m0_dnagpt_gm12878_1_0_cj.npz,2096,2096,4096,0,4095,True,False,0,0,prom_prom,0.013036035932600498,0.004901602864265442,0.16810879111289978,-0.022503796964883804,-4.046044778425897,-0.2759478313313565
m1_bidir_gm12878_1_0,figures/bp_jacobian/m1_bidir_gm12878_1_0_cj.npz,2096,2096,4096,0,4095,True,False,0,0,enh_enh,0.004045424982905388,-0.007298633456230164,0.25753599405288696,-0.004766084253787994,-2.2474634113047123,-0.05993703207465587
m1_bidir_gm12878_1_0,figures/bp_jacobian/m1_bidir_gm12878_1_0_cj.npz,2096,2096,4096,0,4095,True,False,0,0,enh_prom,-0.004117273259907961,-0.00858674943447113,0.23139488697052002,-0.004766084253787994,-2.2474634113047123,-0.05993703207465587
m1_bidir_gm12878_1_0,figures/bp_jacobian/m1_bidir_gm12878_1_0_cj.npz,2096,2096,4096,0,4095,True,False,0,0,prom_enh,-0.004117263481020927,-0.008586660027503967,0.23139476776123047,-0.004766084253787994,-2.2474634113047123,-0.05993703207465587
m1_bidir_gm12878_1_0,figures/bp_jacobian/m1_bidir_gm12878_1_0_cj.npz,2096,2096,4096,0,4095,True,False,0,0,prom_prom,0.004440993070602417,-0.0003426074981689453,0.264267235994339,-0.004766084253787994,-2.2474634113047123,-0.05993703207465587
m2_r1_bidir_gm12878_1_0,figures/bp_jacobian/m2_r1_bidir_gm12878_1_0_cj.npz,2096,2096,4096,0,4095,True,False,0,0,enh_enh,0.0041531287133693695,-0.002506110817193985,0.33493632078170776,-0.0041456036269664764,-2.6030697868723753,-0.05577320443295317
m2_r1_bidir_gm12878_1_0,figures/bp_jacobian/m2_r1_bidir_gm12878_1_0_cj.npz,2096,2096,4096,0,4095,True,False,0,0,enh_prom,-0.004305244889110327,-0.0067316461354494095,0.2915738821029663,-0.0041456036269664764,-2.6030697868723753,-0.05577320443295317
m2_r1_bidir_gm12878_1_0,figures/bp_jacobian/m2_r1_bidir_gm12878_1_0_cj.npz,2096,2096,4096,0,4095,True,False,0,0,prom_enh,-0.004305245820432901,-0.006731642410159111,0.2915739119052887,-0.0041456036269664764,-2.6030697868723753,-0.05577320443295317
m2_r1_bidir_gm12878_1_0,figures/bp_jacobian/m2_r1_bidir_gm12878_1_0_cj.npz,2096,2096,4096,0,4095,True,False,0,0,prom_prom,0.004570179618895054,-0.0026659704744815826,0.31710174679756165,-0.0041456036269664764,-2.6030697868723753,-0.05577320443295317
m3_r1_bidir_gm12878_1_0,figures/bp_jacobian/m3_r1_bidir_gm12878_1_0_cj.npz,2096,2096,4096,0,4095,True,False,0,0,enh_enh,0.005716237705200911,-0.008868075907230377,0.23193153738975525,-0.005480190739035606,-2.0475197129477225,-0.17503224964976002
m3_r1_bidir_gm12878_1_0,figures/bp_jacobian/m3_r1_bidir_gm12878_1_0_cj.npz,2096,2096,4096,0,4095,True,False,0,0,enh_prom,-0.005937168374657631,-0.01071174070239067,0.14311948418617249,-0.005480190739035606,-2.0475197129477225,-0.17503224964976002
m3_r1_bidir_gm12878_1_0,figures/bp_jacobian/m3_r1_bidir_gm12878_1_0_cj.npz,2096,2096,4096,0,4095,True,False,0,0,prom_enh,-0.005937168840318918,-0.01071181520819664,0.14311940968036652,-0.005480190739035606,-2.0475197129477225,-0.17503224964976002
m3_r1_bidir_gm12878_1_0,figures/bp_jacobian/m3_r1_bidir_gm12878_1_0_cj.npz,2096,2096,4096,0,4095,True,False,0,0,prom_prom,0.006266567390412092,-0.0015950985252857208,0.1757691651582718,-0.005480190739035606,-2.0475197129477225,-0.17503224964976002
m4_r1_bidir_gm12878_1_0,figures/bp_jacobian/m4_r1_bidir_gm12878_1_0_cj.npz,2096,2096,4096,0,4095,True,False,0,0,enh_enh,0.007209302391856909,-0.007536584511399269,0.3132614493370056,-0.009248065762221813,-3.062591432403426,-0.08326575709125965
m4_r1_bidir_gm12878_1_0,figures/bp_jacobian/m4_r1_bidir_gm12878_1_0_cj.npz,2096,2096,4096,0,4095,True,False,0,0,enh_prom,-0.007487824652343988,-0.013731785118579865,0.2525671422481537,-0.009248065762221813,-3.062591432403426,-0.08326575709125965
m4_r1_bidir_gm12878_1_0,figures/bp_jacobian/m4_r1_bidir_gm12878_1_0_cj.npz,2096,2096,4096,0,4095,True,False,0,0,prom_enh,-0.007487822789698839,-0.01373177021741867,0.2525671124458313,-0.009248065762221813,-3.062591432403426,-0.08326575709125965
m4_r1_bidir_gm12878_1_0,figures/bp_jacobian/m4_r1_bidir_gm12878_1_0_cj.npz,2096,2096,4096,0,4095,True,False,0,0,prom_prom,0.007907053455710411,-0.0014308393001556396,0.28363415598869324,-0.009248065762221813,-3.062591432403426,-0.08326575709125965
m5_r1_bidir_gm12878_1_0,figures/bp_jacobian/m5_r1_bidir_gm12878_1_0_cj.npz,2096,2096,4096,0,4095,True,False,0,0,enh_enh,0.0056923446245491505,-0.008306707255542278,0.21043701469898224,-0.004389842972159386,-1.969437937556707,-0.22450516048156657
m5_r1_bidir_gm12878_1_0,figures/bp_jacobian/m5_r1_bidir_gm12878_1_0_cj.npz,2096,2096,4096,0,4095,True,False,0,0,enh_prom,-0.0059195919893682,-0.008918091654777527,0.10986116528511047,-0.004389842972159386,-1.969437937556707,-0.22450516048156657
m5_r1_bidir_gm12878_1_0,figures/bp_jacobian/m5_r1_bidir_gm12878_1_0_cj.npz,2096,2096,4096,0,4095,True,False,0,0,prom_enh,-0.005919594783335924,-0.008918064646422863,0.1098611056804657,-0.004389842972159386,-1.969437937556707,-0.22450516048156657
m5_r1_bidir_gm12878_1_0,figures/bp_jacobian/m5_r1_bidir_gm12878_1_0_cj.npz,2096,2096,4096,0,4095,True,False,0,0,prom_prom,0.006242306437343359,-0.0007497631013393402,0.13650411367416382,-0.004389842972159386,-1.969437937556707,-0.22450516048156657
m6_r1_bidir_gm12878_1_0,figures/bp_jacobian/m6_r1_bidir_gm12878_1_0_cj.npz,2096,2096,4096,0,4095,True,False,0,0,enh_enh,0.005125714465975761,-0.009567050263285637,0.2181716114282608,-0.004059172235429287,-1.6918879232820085,-0.18360728094984402
m6_r1_bidir_gm12878_1_0,figures/bp_jacobian/m6_r1_bidir_gm12878_1_0_cj.npz,2096,2096,4096,0,4095,True,False,0,0,enh_prom,-0.005321407690644264,-0.009925950318574905,0.13137321174144745,-0.004059172235429287,-1.6918879232820085,-0.18360728094984402
m6_r1_bidir_gm12878_1_0,figures/bp_jacobian/m6_r1_bidir_gm12878_1_0_cj.npz,2096,2096,4096,0,4095,True,False,0,0,prom_enh,-0.005321408621966839,-0.009926006197929382,0.13137318193912506,-0.004059172235429287,-1.6918879232820085,-0.18360728094984402
m6_r1_bidir_gm12878_1_0,figures/bp_jacobian/m6_r1_bidir_gm12878_1_0_cj.npz,2096,2096,4096,0,4095,True,False,0,0,prom_prom,0.005622942000627518,-0.002166561782360077,0.162758469581604,-0.004059172235429287,-1.6918879232820085,-0.18360728094984402
