model_a,model_b,spearman,n_aligned_positions,alignment_mode
m0_dnagpt_gm12878_0_1,m0_dnagpt_gm12878_0_1,0.9999999999999998,4096,positions_intersection
m0_dnagpt_gm12878_0_1,m1_bidir_gm12878_0_1,0.33022936143326853,4096,positions_intersection
m0_dnagpt_gm12878_0_1,m2_r1_bidir_gm12878_0_1,0.3835957434817032,4096,positions_intersection
m0_dnagpt_gm12878_0_1,m3_r1_bidir_gm12878_0_1,0.4931585488736595,4096,positions_intersection
m0_dnagpt_gm12878_0_1,m4_r1_bidir_gm12878_0_1,0.3756293952474202,4096,positions_intersection
m0_dnagpt_gm12878_0_1,m5_r1_bidir_gm12878_0_1,0.4698093026133201,4096,positions_intersection
m0_dnagpt_gm12878_0_1,m6_r1_bidir_gm12878_0_1,0.49026472443588937,4096,positions_intersection
m1_bidir_gm12878_0_1,m0_dnagpt_gm12878_0_1,0.33022936143326853,4096,positions_intersection
m1_bidir_gm12878_0_1,m1_bidir_gm12878_0_1,1.0,4096,positions_intersection
m1_bidir_gm12878_0_1,m2_r1_bidir_gm12878_0_1,0.2994066141800902,4096,positions_intersection
m1_bidir_gm12878_0_1,m3_r1_bidir_gm12878_0_1,0.3013758814010399,4096,positions_intersection
m1_bidir_gm12878_0_1,m4_r1_bidir_gm12878_0_1,0.2846448883058493,4096,positions_intersection
m1_bidir_gm12878_0_1,m5_r1_bidir_gm12878_0_1,0.27516589255437374,4096,positions_intersection
m1_bidir_gm12878_0_1,m6_r1_bidir_gm12878_0_1,0.28991633704590014,4096,positions_intersection
m2_r1_bidir_gm12878_0_1,m0_dnagpt_gm12878_0_1,0.3835957434817032,4096,positions_intersection
m2_r1_bidir_gm12878_0_1,m1_bidir_gm12878_0_1,0.2994066141800902,4096,positions_intersection
m2_r1_bidir_gm12878_0_1,m2_r1_bidir_gm12878_0_1,1.0,4096,positions_intersection
m2_r1_bidir_gm12878_0_1,m3_r1_bidir_gm12878_0_1,0.6291131178062717,4096,positions_intersection
m2_r1_bidir_gm12878_0_1,m4_r1_bidir_gm12878_0_1,0.4926153358570526,4096,positions_intersection
m2_r1_bidir_gm12878_0_1,m5_r1_bidir_gm12878_0_1,0.49194324722614724,4096,positions_intersection
m2_r1_bidir_gm12878_0_1,m6_r1_bidir_gm12878_0_1,0.5215948453502051,4096,positions_intersection
m3_r1_bidir_gm12878_0_1,m0_dnagpt_gm12878_0_1,0.4931585488736595,4096,positions_intersection
m3_r1_bidir_gm12878_0_1,m1_bidir_gm12878_0_1,0.3013758814010399,4096,positions_intersection
m3_r1_bidir_gm12878_0_1,m2_r1_bidir_gm12878_0_1,0.6291131178062717,4096,positions_intersection
m3_r1_bidir_gm12878_0_1,m3_r1_bidir_gm12878_0_1,1.0,4096,positions_intersection
m3_r1_bidir_gm12878_0_1,m4_r1_bidir_gm12878_0_1,0.5690336910719797,4096,positions_intersection
m3_r1_bidir_gm12878_0_1,m5_r1_bidir_gm12878_0_1,0.7432549781479988,4096,positions_intersection
m3_r1_bidir_gm12878_0_1,m6_r1_bidir_gm12878_0_1,0.7334280341109408,4096,positions_intersection
m4_r1_bidir_gm12878_0_1,m0_dnagpt_gm12878_0_1,0.3756293952474202,4096,positions_intersection
m4_r1_bidir_gm12878_0_1,m1_bidir_gm12878_0_1,0.2846448883058493,4096,positions_intersection
m4_r1_bidir_gm12878_0_1,m2_r1_bidir_gm12878_0_1,0.4926153358570526,4096,positions_intersection
m4_r1_bidir_gm12878_0_1,m3_r1_bidir_gm12878_0_1,0.5690336910719797,4096,positions_intersection
m4_r1_bidir_gm12878_0_1,m4_r1_bidir_gm12878_0_1,1.0,4096,positions_intersection
m4_r1_bidir_gm12878_0_1,m5_r1_bidir_gm12878_0_1,0.5054973196809817,4096,positions_intersection
m4_r1_bidir_gm12878_0_1,m6_r1_bidir_gm12878_0_1,0.5020135387604183,4096,positions_intersection
m5_r1_bidir_gm12878_0_1,m0_dnagpt_gm12878_0_1,0.4698093026133201,4096,positions_intersection
m5_r1_bidir_gm12878_0_1,m1_bidir_gm12878_0_1,0.2751658925543737,4096,positions_intersection
m5_r1_bidir_gm12878_0_1,m2_r1_bidir_gm12878_0_1,0.49194324722614724,4096,positions_intersection
m5_r1_bidir_gm12878_0_1,m3_r1_bidir_gm12878_0_1,0.7432549781479988,4096,positions_intersection
m5_r1_bidir_gm12878_0_1,m4_r1_bidir_gm12878_0_1,0.5054973196809818,4096,positions_intersection
m5_r1_bidir_gm12878_0_1,m5_r1_bidir_gm12878_0_1,1.0,4096,positions_intersection
m5_r1_bidir_gm12878_0_1,m6_r1_bidir_gm12878_0_1,0.7248707712267005,4096,positions_intersection
m6_r1_bidir_gm12878_0_1,m0_dnagpt_gm12878_0_1,0.4902647244358895,4096,positions_intersection
m6_r1_bidir_gm12878_0_1,m1_bidir_gm12878_0_1,0.28991633704590014,4096,positions_intersection
m6_r1_bidir_gm12878_0_1,m2_r1_bidir_gm12878_0_1,0.5215948453502051,4096,positions_intersection
m6_r1_bidir_gm12878_0_1,m3_r1_bidir_gm12878_0_1,0.7334280341109409,4096,positions_intersection
m6_r1_bidir_gm12878_0_1,m4_r1_bidir_gm12878_0_1,0.5020135387604183,4096,positions_intersection
m6_r1_bidir_gm12878_0_1,m5_r1_bidir_gm12878_0_1,0.7248707712267005,4096,positions_intersection
m6_r1_bidir_gm12878_0_1,m6_r1_bidir_gm12878_0_1,1.0,4096,positions_intersection
