model_variant,group,n,mean_group_position_fraction,median_group_position_fraction,mean_top_group_pair_fraction,median_top_group_pair_fraction,mean_all_group_pair_fraction,median_all_group_pair_fraction,mean_group_background_mean,median_group_background_mean,mean_group_pair_enrichment,median_group_pair_enrichment,mean_group_pair_z,median_group_pair_z,mean_group_pair_empirical_p,median_group_pair_empirical_p,mean_top_group_same_motif_fraction,median_top_group_same_motif_fraction,mean_all_group_same_motif_fraction,median_all_group_same_motif_fraction,mean_group_same_motif_background_mean,median_group_same_motif_background_mean,mean_group_same_motif_enrichment,median_group_same_motif_enrichment,mean_group_same_motif_z,median_group_same_motif_z,mean_group_same_motif_empirical_p,median_group_same_motif_empirical_p,group_stouffer_z,group_stouffer_p_one_sided,group_fisher_empirical_p_chi2,group_fisher_empirical_p,group_same_motif_stouffer_z,group_same_motif_stouffer_p_one_sided,group_same_motif_fisher_empirical_p_chi2,group_same_motif_fisher_empirical_p
h0,promoter,24,0.16504903756155132,0.1725674520815529,0.03076380250665049,0.030426980927586555,0.02884421163859467,0.030051973648369312,0.028473272201760363,0.030145800672471523,1.1935609824170557,1.0398681679849453,7.912993158272049,2.1037109905867504,0.3886113886113886,0.01948051948051948,0.028479840606451035,0.028848904184997082,0.02600583160528913,0.027469556778669357,0.025708815781399608,0.0271297013387084,1.2295288686129673,1.105729445428107,9.52411692090139,6.858151289979345,0.2184065934065934,0.000999000999000999,38.7655911518017,0.0,172.88825202551752,5.2745223770491965e-16,46.65845341363132,0.0,230.66183614649194,1.0474546087280123e-25
h0,tfbs,24,0.029081715704228222,0.029849835184959102,0.00199191435482741,0.0010287764598615468,0.0009079050996660953,0.0008833004103507847,0.0009271343815271393,0.0008636181300971657,2.077860274885175,1.1401484923005705,10.145003481378835,1.4106512356196368,0.35364635364635366,0.09740259740259741,0.0015593146569396292,0.0006120807374827564,0.0004057142356638603,0.0003407807234907523,0.0004304097362061536,0.00032230347278527915,2.561315393539387,1.3539584133142069,13.12420189475251,2.8695661968809585,0.1594239094239094,0.005494505494505494,49.70016393627418,0.0,147.4729813517576,4.7813501656944606e-12,64.29519584682366,0.0,223.064859730817,2.1820980363337072e-24
h1,promoter,24,0.16504903756155132,0.1725674520815529,0.031807885660479464,0.031843751668930054,0.029001509596128017,0.030341189354658127,0.028446143493056297,0.030217008665204048,1.1769430034879225,1.055328563641086,9.085999705401143,3.973659793142539,0.2788877788877789,0.000999000999000999,0.029571235878393054,0.029070110991597176,0.026187662636705984,0.027426598593592644,0.025731941471652437,0.02721918746829033,1.2186957565945014,1.0782482845054218,10.92311685163928,5.396419544687845,0.21457708957708957,0.000999000999000999,44.51212616262216,0.0,211.7428026970166,1.918729835545216e-22,53.51212537462501,0.0,244.51676946374315,3.875213482078879e-28
h1,tfbs,24,0.029081715704228222,0.029849835184959102,0.0022535508057141365,0.0010531847947277129,0.0009185077157477887,0.0008968552865553647,0.0009444639693659459,0.0008735606970731169,2.3015404500518923,1.175448554223026,12.060932828949774,2.306621218239844,0.30802530802530803,0.014985014985014986,0.0018365585819992702,0.0006247230630833656,0.0004145736444722085,0.0003461323940427974,0.00044554139822139405,0.0003300144453532994,2.9521288145126654,1.5823997028909842,16.11318537655045,3.861298945594735,0.05652680652680653,0.0014985014985014985,59.086262505818745,0.0,172.86288084310905,5.324130047594188e-16,78.93816460684846,0.0,263.42744051462927,1.6557604329044793e-31
h2,promoter,24,0.16504903756155132,0.1725674520815529,0.03237091097980738,0.03215882368385792,0.02884333753415073,0.030225638300180435,0.028450097093203414,0.03033434972167015,1.2337920324488305,1.0854884429229628,11.33930257722747,6.203712871106645,0.2815934065934066,0.000999000999000999,0.029882343175510567,0.02999584749341011,0.026028535309402894,0.0274736937135458,0.025695067481137812,0.027268812991678715,1.2550422835206654,1.1187771098731725,12.52545070696785,7.899077903842297,0.1873959373959374,0.000999000999000999,55.55101070646709,0.0,203.86604810473784,4.162018698256646e-21,61.36192606090812,0.0,241.58679600745856,1.2744084606256083e-27
h2,tfbs,24,0.029081715704228222,0.029849835184959102,0.00301745342585491,0.0011577241239137948,0.0009082511902912908,0.0009030414221342653,0.0009155418920272496,0.0008668279624544084,2.188375474129454,1.4525913302659026,17.681121893064685,5.043969672720715,0.17320179820179823,0.000999000999000999,0.0024723217317538606,0.0005453505145851523,0.00040859827034485835,0.00035723003384191543,0.00042043308712891303,0.0003282127872807905,2.8432449647838745,1.80901790025312,20.811536244067224,6.385653336363233,0.11725774225774226,0.000999000999000999,86.61945343592207,0.0,226.74983921969738,5.018507636483639e-25,101.95528912280604,0.0,249.23981864428583,5.648619815601456e-29
h3,promoter,24,0.16504903756155132,0.1725674520815529,0.03454769594827667,0.036691708490252495,0.027827836825357128,0.029476281255483627,0.02810485230293125,0.030408838763833046,1.2142569632910152,1.1676807200538246,15.177679496099591,12.236086290040395,0.08408258408258408,0.000999000999000999,0.03238318963364387,0.034447383135557175,0.02511578311289971,0.026639750227332115,0.025504920971191797,0.027735929004848003,1.257090378417561,1.1936485570031405,17.03632043210671,14.225072481975433,0.04270729270729271,0.000999000999000999,74.35514048989302,0.0,296.38739651998924,1.6963138213951663e-37,83.46058430642573,0.0,315.6054952711639,4.776982975447957e-41
h3,tfbs,24,0.029081715704228222,0.029849835184959102,0.0011684330287001405,0.0009229333663824946,0.0008915357839214266,0.0008702038321644068,0.0011029339069258033,0.0008284611103590578,1.1326499165105903,1.0322318185754538,1.4439569856221208,0.3033974137234035,0.4163336663336663,0.3946053946053946,0.0007599203211915059,0.0004916870384477079,0.00038725270345215296,0.00031488029344473034,0.0006347876336197563,0.0003103101480519399,1.594823856685966,1.5125126092177454,3.8062122657722344,3.858318689385447,0.24134199134199133,0.006493506493506494,6.924974429954179,2.180271382363165e-12,127.95065616163676,3.385612067918255e-09,18.253952768610013,9.623297743956505e-75,203.9423433501013,4.040437310459028e-21
h4,promoter,24,0.16504903756155132,0.1725674520815529,0.03279439377365634,0.034881822764873505,0.02816640151043733,0.029814100824296474,0.028383615019265562,0.030646851286292076,1.1458671496621156,1.1698604263985661,10.264480998758723,11.9145750119136,0.20912420912420915,0.000999000999000999,0.030334731738548726,0.031608154065907,0.025360020479032148,0.026873113587498665,0.025728299088465672,0.02746173646301031,1.1729759878392245,1.1924594108736846,11.381274188973194,12.636083152379726,0.1825674325674326,0.000999000999000999,50.285481842904645,0.0,261.1483862535247,4.245010509280076e-31,55.75662877138555,0.0,264.5578824380015,1.0373231993213977e-31
h4,tfbs,24,0.029081715704228222,0.029849835184959102,0.0013462221816098463,0.0008119953272398561,0.0008958475588466778,0.0008827868441585451,0.0010491140066619664,0.000869430077727884,1.2524167031581017,1.099156676621245,2.2007129914214945,1.2800358906875886,0.32513320013320013,0.11838161838161838,0.0009657245211656118,0.0004106081905774772,0.00038312179943507846,0.0003262534155510366,0.000564679652692727,0.0003396017855266109,1.6691225812870158,1.5735269711496933,4.785584111476074,3.490472641216527,0.12941225441225443,0.000999000999000999,10.78124779859327,2.1106015806930135e-27,136.066074942517,2.334924944103636e-10,23.444478388573586,7.52486742784614e-122,251.04180497791063,2.703432806851784e-29
h5,promoter,24,0.16504903756155132,0.1725674520815529,0.03368143842089921,0.036586157977581024,0.028339690625822794,0.02963121421635151,0.028291286046927173,0.03048970364034176,1.2185306055228728,1.164797618842104,13.931924613398763,12.594554279344255,0.0029553779553779555,0.000999000999000999,0.03131289062245438,0.03376876004040241,0.025537807824245345,0.026919320225715637,0.025681980652734637,0.027526657097041607,1.2544816588135437,1.184409642188505,15.285194149867378,13.323577102081464,0.0019563769563769565,0.000999000999000999,68.25221287549753,0.0,323.87782738531484,1.3785600032217227e-42,74.88185257309917,0.0,325.26412174643474,7.599028419015095e-43
h5,tfbs,24,0.029081715704228222,0.029849835184959102,0.0015949991502566263,0.0009712271275930107,0.0008956676777719016,0.0008763496880419552,0.0010438773213839643,0.0008329578267876059,2.1935552555026745,1.245453023495641,6.10662832933899,2.476168409140679,0.2695221445221445,0.01098901098901099,0.0011671206945038648,0.0005429396114777774,0.00038577517261728644,0.00032823020592331886,0.0005754064685940344,0.00032272124371957034,2.5989847718722765,1.7193238094443744,7.899111611196019,5.516260617223128,0.17753080253080247,0.000999000999000999,29.916246911410063,6.049007503336714e-197,191.4116731948045,5.036402343673445e-19,38.69758573744831,0.0,234.12958238955358,2.5978723348322287e-26
h6,promoter,24,0.16504903756155132,0.1725674520815529,0.0350681710212181,0.03687116876244545,0.0279810104596739,0.029369025491178036,0.02829112601466477,0.030445783399045467,1.2205563988900305,1.2379661880589752,15.499161570566521,14.919522770573819,0.06630869130869131,0.000999000999000999,0.03220264089759439,0.03407801873981953,0.02521064398266996,0.02667142078280449,0.025663757231086493,0.02732136659324169,1.2424423198211656,1.263776169191238,15.813291731307993,15.713621367340409,0.04541292041292041,0.000999000999000999,75.93007457768383,0.0,301.2407910473934,2.170639919438729e-38,77.46899179095395,0.0,303.97127295123755,6.809461279104292e-39
h6,tfbs,24,0.029081715704228222,0.029849835184959102,0.0017943083827655453,0.0010245204903185368,0.0008980695268595203,0.0008894563361536711,0.0010249059219707608,0.0008621745510026813,1.439032136173403,1.2259610673307533,5.563283564836506,2.8258850218750995,0.25133200133200134,0.003996003996003996,0.0014388408362719929,0.0005752281867899001,0.000378993975573394,0.0003218807833036408,0.0005400973328354061,0.0003288206789875403,2.136793077309683,1.9217824514772062,9.480378346002118,5.369192674991091,0.022977022977022976,0.000999000999000999,27.25441205652251,7.36671053853368e-164,193.78590065083756,2.0327158103259227e-19,46.44417903247189,0.0,293.7195594243001,5.238581625317021e-37
