i,j,i_token,j_token,value
1,1,ACG,ACG,0.0
1,2,ACG,TACG,-0.030583776533603668
1,3,ACG,TACG,-0.030583776533603668
1,4,ACG,TACG,-0.030583776533603668
1,5,ACG,TACG,-0.030583776533603668
1,6,ACG,TACG,-0.030583776533603668
1,7,ACG,TACG,-0.030583776533603668
1,8,ACG,TACG,-0.030583776533603668
1,9,ACG,TACG,-0.030583776533603668
1,10,ACG,TACG,-0.030583776533603668
1,11,ACG,TACG,-0.030583776533603668
1,12,ACG,TACG,-0.030583776533603668
1,13,ACG,TACG,-0.030583776533603668
1,14,ACG,TACG,-0.030583776533603668
1,15,ACG,TACG,-0.030583776533603668
1,16,ACG,TACG,-0.030583776533603668
1,17,ACG,T,0.599384069442749
2,1,TACG,ACG,-0.030583776533603668
2,2,TACG,TACG,0.0
2,3,TACG,TACG,-0.030583776533603668
2,4,TACG,TACG,-0.030583776533603668
2,5,TACG,TACG,-0.030583776533603668
2,6,TACG,TACG,-0.030583776533603668
2,7,TACG,TACG,-0.030583776533603668
2,8,TACG,TACG,-0.030583776533603668
2,9,TACG,TACG,-0.030583776533603668
2,10,TACG,TACG,-0.030583776533603668
2,11,TACG,TACG,-0.030583776533603668
2,12,TACG,TACG,-0.030583776533603668
2,13,TACG,TACG,-0.030583776533603668
2,14,TACG,TACG,-0.030583776533603668
2,15,TACG,TACG,-0.030583776533603668
2,16,TACG,TACG,-0.030583776533603668
2,17,TACG,T,0.599384069442749
3,1,TACG,ACG,-0.030583776533603668
3,2,TACG,TACG,-0.030583776533603668
3,3,TACG,TACG,0.0
3,4,TACG,TACG,-0.030583776533603668
3,5,TACG,TACG,-0.030583776533603668
3,6,TACG,TACG,-0.030583776533603668
3,7,TACG,TACG,-0.030583776533603668
3,8,TACG,TACG,-0.030583776533603668
3,9,TACG,TACG,-0.030583776533603668
3,10,TACG,TACG,-0.030583776533603668
3,11,TACG,TACG,-0.030583776533603668
3,12,TACG,TACG,-0.030583776533603668
3,13,TACG,TACG,-0.030583776533603668
3,14,TACG,TACG,-0.030583776533603668
3,15,TACG,TACG,-0.030583776533603668
3,16,TACG,TACG,-0.030583776533603668
3,17,TACG,T,0.599384069442749
4,1,TACG,ACG,-0.030583776533603668
4,2,TACG,TACG,-0.030583776533603668
4,3,TACG,TACG,-0.030583776533603668
4,4,TACG,TACG,0.0
4,5,TACG,TACG,-0.030583776533603668
4,6,TACG,TACG,-0.030583776533603668
4,7,TACG,TACG,-0.030583776533603668
4,8,TACG,TACG,-0.030583776533603668
4,9,TACG,TACG,-0.030583776533603668
4,10,TACG,TACG,-0.030583776533603668
4,11,TACG,TACG,-0.030583776533603668
4,12,TACG,TACG,-0.030583776533603668
4,13,TACG,TACG,-0.030583776533603668
4,14,TACG,TACG,-0.030583776533603668
4,15,TACG,TACG,-0.030583776533603668
4,16,TACG,TACG,-0.030583776533603668
4,17,TACG,T,0.599384069442749
5,1,TACG,ACG,-0.030583776533603668
5,2,TACG,TACG,-0.030583776533603668
5,3,TACG,TACG,-0.030583776533603668
5,4,TACG,TACG,-0.030583776533603668
5,5,TACG,TACG,0.0
5,6,TACG,TACG,-0.030583776533603668
5,7,TACG,TACG,-0.030583776533603668
5,8,TACG,TACG,-0.030583776533603668
5,9,TACG,TACG,-0.030583776533603668
5,10,TACG,TACG,-0.030583776533603668
5,11,TACG,TACG,-0.030583776533603668
5,12,TACG,TACG,-0.030583776533603668
5,13,TACG,TACG,-0.030583776533603668
5,14,TACG,TACG,-0.030583776533603668
5,15,TACG,TACG,-0.030583776533603668
5,16,TACG,TACG,-0.030583776533603668
5,17,TACG,T,0.599384069442749
6,1,TACG,ACG,-0.030583776533603668
6,2,TACG,TACG,-0.030583776533603668
6,3,TACG,TACG,-0.030583776533603668
6,4,TACG,TACG,-0.030583776533603668
6,5,TACG,TACG,-0.030583776533603668
6,6,TACG,TACG,0.0
6,7,TACG,TACG,-0.030583776533603668
6,8,TACG,TACG,-0.030583776533603668
6,9,TACG,TACG,-0.030583776533603668
6,10,TACG,TACG,-0.030583776533603668
6,11,TACG,TACG,-0.030583776533603668
6,12,TACG,TACG,-0.030583776533603668
6,13,TACG,TACG,-0.030583776533603668
6,14,TACG,TACG,-0.030583776533603668
6,15,TACG,TACG,-0.030583776533603668
6,16,TACG,TACG,-0.030583776533603668
6,17,TACG,T,0.599384069442749
7,1,TACG,ACG,-0.030583776533603668
7,2,TACG,TACG,-0.030583776533603668
7,3,TACG,TACG,-0.030583776533603668
7,4,TACG,TACG,-0.030583776533603668
7,5,TACG,TACG,-0.030583776533603668
7,6,TACG,TACG,-0.030583776533603668
7,7,TACG,TACG,0.0
7,8,TACG,TACG,-0.030583776533603668
7,9,TACG,TACG,-0.030583776533603668
7,10,TACG,TACG,-0.030583776533603668
7,11,TACG,TACG,-0.030583776533603668
7,12,TACG,TACG,-0.030583776533603668
7,13,TACG,TACG,-0.030583776533603668
7,14,TACG,TACG,-0.030583776533603668
7,15,TACG,TACG,-0.030583776533603668
7,16,TACG,TACG,-0.030583776533603668
7,17,TACG,T,0.599384069442749
8,1,TACG,ACG,-0.030583776533603668
8,2,TACG,TACG,-0.030583776533603668
8,3,TACG,TACG,-0.030583776533603668
8,4,TACG,TACG,-0.030583776533603668
8,5,TACG,TACG,-0.030583776533603668
8,6,TACG,TACG,-0.030583776533603668
8,7,TACG,TACG,-0.030583776533603668
8,8,TACG,TACG,0.0
8,9,TACG,TACG,-0.030583776533603668
8,10,TACG,TACG,-0.030583776533603668
8,11,TACG,TACG,-0.030583776533603668
8,12,TACG,TACG,-0.030583776533603668
8,13,TACG,TACG,-0.030583776533603668
8,14,TACG,TACG,-0.030583776533603668
8,15,TACG,TACG,-0.030583776533603668
8,16,TACG,TACG,-0.030583776533603668
8,17,TACG,T,0.599384069442749
9,1,TACG,ACG,-0.030583776533603668
9,2,TACG,TACG,-0.030583776533603668
9,3,TACG,TACG,-0.030583776533603668
9,4,TACG,TACG,-0.030583776533603668
9,5,TACG,TACG,-0.030583776533603668
9,6,TACG,TACG,-0.030583776533603668
9,7,TACG,TACG,-0.030583776533603668
9,8,TACG,TACG,-0.030583776533603668
9,9,TACG,TACG,0.0
9,10,TACG,TACG,-0.030583776533603668
9,11,TACG,TACG,-0.030583776533603668
9,12,TACG,TACG,-0.030583776533603668
9,13,TACG,TACG,-0.030583776533603668
9,14,TACG,TACG,-0.030583776533603668
9,15,TACG,TACG,-0.030583776533603668
9,16,TACG,TACG,-0.030583776533603668
9,17,TACG,T,0.599384069442749
10,1,TACG,ACG,-0.030583776533603668
10,2,TACG,TACG,-0.030583776533603668
10,3,TACG,TACG,-0.030583776533603668
10,4,TACG,TACG,-0.030583776533603668
10,5,TACG,TACG,-0.030583776533603668
10,6,TACG,TACG,-0.030583776533603668
10,7,TACG,TACG,-0.030583776533603668
10,8,TACG,TACG,-0.030583776533603668
10,9,TACG,TACG,-0.030583776533603668
10,10,TACG,TACG,0.0
10,11,TACG,TACG,-0.030583776533603668
10,12,TACG,TACG,-0.030583776533603668
10,13,TACG,TACG,-0.030583776533603668
10,14,TACG,TACG,-0.030583776533603668
10,15,TACG,TACG,-0.030583776533603668
10,16,TACG,TACG,-0.030583776533603668
10,17,TACG,T,0.599384069442749
11,1,TACG,ACG,-0.030583776533603668
11,2,TACG,TACG,-0.030583776533603668
11,3,TACG,TACG,-0.030583776533603668
11,4,TACG,TACG,-0.030583776533603668
11,5,TACG,TACG,-0.030583776533603668
11,6,TACG,TACG,-0.030583776533603668
11,7,TACG,TACG,-0.030583776533603668
11,8,TACG,TACG,-0.030583776533603668
11,9,TACG,TACG,-0.030583776533603668
11,10,TACG,TACG,-0.030583776533603668
11,11,TACG,TACG,0.0
11,12,TACG,TACG,-0.030583776533603668
11,13,TACG,TACG,-0.030583776533603668
11,14,TACG,TACG,-0.030583776533603668
11,15,TACG,TACG,-0.030583776533603668
11,16,TACG,TACG,-0.030583776533603668
11,17,TACG,T,0.599384069442749
12,1,TACG,ACG,-0.030583776533603668
12,2,TACG,TACG,-0.030583776533603668
12,3,TACG,TACG,-0.030583776533603668
12,4,TACG,TACG,-0.030583776533603668
12,5,TACG,TACG,-0.030583776533603668
12,6,TACG,TACG,-0.030583776533603668
12,7,TACG,TACG,-0.030583776533603668
12,8,TACG,TACG,-0.030583776533603668
12,9,TACG,TACG,-0.030583776533603668
12,10,TACG,TACG,-0.030583776533603668
12,11,TACG,TACG,-0.030583776533603668
12,12,TACG,TACG,0.0
12,13,TACG,TACG,-0.030583776533603668
12,14,TACG,TACG,-0.030583776533603668
12,15,TACG,TACG,-0.030583776533603668
12,16,TACG,TACG,-0.030583776533603668
12,17,TACG,T,0.599384069442749
13,1,TACG,ACG,-0.030583776533603668
13,2,TACG,TACG,-0.030583776533603668
13,3,TACG,TACG,-0.030583776533603668
13,4,TACG,TACG,-0.030583776533603668
13,5,TACG,TACG,-0.030583776533603668
13,6,TACG,TACG,-0.030583776533603668
13,7,TACG,TACG,-0.030583776533603668
13,8,TACG,TACG,-0.030583776533603668
13,9,TACG,TACG,-0.030583776533603668
13,10,TACG,TACG,-0.030583776533603668
13,11,TACG,TACG,-0.030583776533603668
13,12,TACG,TACG,-0.030583776533603668
13,13,TACG,TACG,0.0
13,14,TACG,TACG,-0.030583776533603668
13,15,TACG,TACG,-0.030583776533603668
13,16,TACG,TACG,-0.030583776533603668
13,17,TACG,T,0.599384069442749
14,1,TACG,ACG,-0.030583776533603668
14,2,TACG,TACG,-0.030583776533603668
14,3,TACG,TACG,-0.030583776533603668
14,4,TACG,TACG,-0.030583776533603668
14,5,TACG,TACG,-0.030583776533603668
14,6,TACG,TACG,-0.030583776533603668
14,7,TACG,TACG,-0.030583776533603668
14,8,TACG,TACG,-0.030583776533603668
14,9,TACG,TACG,-0.030583776533603668
14,10,TACG,TACG,-0.030583776533603668
14,11,TACG,TACG,-0.030583776533603668
14,12,TACG,TACG,-0.030583776533603668
14,13,TACG,TACG,-0.030583776533603668
14,14,TACG,TACG,0.0
14,15,TACG,TACG,-0.030583776533603668
14,16,TACG,TACG,-0.030583776533603668
14,17,TACG,T,0.599384069442749
15,1,TACG,ACG,-0.030583776533603668
15,2,TACG,TACG,-0.030583776533603668
15,3,TACG,TACG,-0.030583776533603668
15,4,TACG,TACG,-0.030583776533603668
15,5,TACG,TACG,-0.030583776533603668
15,6,TACG,TACG,-0.030583776533603668
15,7,TACG,TACG,-0.030583776533603668
15,8,TACG,TACG,-0.030583776533603668
15,9,TACG,TACG,-0.030583776533603668
15,10,TACG,TACG,-0.030583776533603668
15,11,TACG,TACG,-0.030583776533603668
15,12,TACG,TACG,-0.030583776533603668
15,13,TACG,TACG,-0.030583776533603668
15,14,TACG,TACG,-0.030583776533603668
15,15,TACG,TACG,0.0
15,16,TACG,TACG,-0.030583776533603668
15,17,TACG,T,0.599384069442749
16,1,TACG,ACG,-0.030583776533603668
16,2,TACG,TACG,-0.030583776533603668
16,3,TACG,TACG,-0.030583776533603668
16,4,TACG,TACG,-0.030583776533603668
16,5,TACG,TACG,-0.030583776533603668
16,6,TACG,TACG,-0.030583776533603668
16,7,TACG,TACG,-0.030583776533603668
16,8,TACG,TACG,-0.030583776533603668
16,9,TACG,TACG,-0.030583776533603668
16,10,TACG,TACG,-0.030583776533603668
16,11,TACG,TACG,-0.030583776533603668
16,12,TACG,TACG,-0.030583776533603668
16,13,TACG,TACG,-0.030583776533603668
16,14,TACG,TACG,-0.030583776533603668
16,15,TACG,TACG,-0.030583776533603668
16,16,TACG,TACG,0.0
16,17,TACG,T,0.599384069442749
17,1,T,ACG,0.5993837118148804
17,2,T,TACG,0.5993837118148804
17,3,T,TACG,0.5993837118148804
17,4,T,TACG,0.5993837118148804
17,5,T,TACG,0.5993837118148804
17,6,T,TACG,0.5993837118148804
17,7,T,TACG,0.5993837118148804
17,8,T,TACG,0.5993837118148804
17,9,T,TACG,0.5993837118148804
17,10,T,TACG,0.5993837118148804
17,11,T,TACG,0.5993837118148804
17,12,T,TACG,0.5993837118148804
17,13,T,TACG,0.5993837118148804
17,14,T,TACG,0.5993837118148804
17,15,T,TACG,0.5993837118148804
17,16,T,TACG,0.5993837118148804
17,17,T,T,0.0
