label,model_variant,epi_label,sample_index,chrom,window_start_1based,window_end_1based,path,n_positions,sequence_length,n_motifs,n_motif_hits,motif_position_fraction,score,top_fraction,top_k,min_sep,motif_flank,top_motif_pair_fraction,top_one_endpoint_motif_fraction,all_motif_pair_fraction,distance_matched_background_mean,distance_matched_background_std,motif_pair_enrichment,motif_pair_z,motif_pair_empirical_p,top_same_motif_pair_fraction,all_same_motif_pair_fraction,same_motif_background_mean,same_motif_pair_enrichment,same_motif_pair_z,same_motif_pair_empirical_p
h0_chr10_110104373_110108468,h0,,,chr10,110104373,110108468,/gpfs/scratch/bty252/dna_foundation_model/figures/bp_jacobian_hyena_hg38/h0_chr10_110104373_110108468.npz,4095,4096,11,150,0.21172161172161172,positive,0.01,39172,50,0,0.04334728792309761,0.3702389597892761,0.04464631900191307,0.044552408158779144,0.0010976468911394477,0.9729505028911875,-1.0979124939082368,0.8741258741258742,0.03137445077300072,0.03334988281130791,0.033180076628923416,0.9455810221261298,-2.0241297565921994,0.977022977022977
h0_chr10_19287004_19295195,h0,,,chr10,19287004,19295195,/gpfs/scratch/bty252/dna_foundation_model/figures/bp_jacobian_hyena_hg38/h0_chr10_19287004_19295195.npz,8191,8192,11,265,0.20559150286900257,positive,0.01,148338,50,0,0.04626595973968506,0.39222586154937744,0.04192467778921127,0.04211512580513954,0.0005408073193393648,1.0985592196435745,7.675254727720883,0.000999000999000999,0.030767571181058884,0.03042072430253029,0.030645247548818588,1.0039916020272126,0.26928939386231504,0.3806193806193806
h0_chr10_19287595_19291690,h0,,,chr10,19287595,19291690,/gpfs/scratch/bty252/dna_foundation_model/figures/bp_jacobian_hyena_hg38/h0_chr10_19287595_19291690.npz,4095,4096,11,130,0.20732600732600734,positive,0.01,38401,50,0,0.04583213850855827,0.34949609637260437,0.043493930250406265,0.04290701076388359,0.0010367324575781822,1.0681736549015637,2.82148757212426,0.002997002997002997,0.03697820380330086,0.03525680676102638,0.0348689891397953,1.060489699172218,2.307082640676462,0.00999000999000999
h0_chr1_117801428_117805523,h0,,,chr1,117801428,117805523,/gpfs/scratch/bty252/dna_foundation_model/figures/bp_jacobian_hyena_hg38/h0_chr1_117801428_117805523.npz,4095,4096,11,124,0.19023199023199022,positive,0.01,38631,50,0,0.03608500957489014,0.31974321603775024,0.03674031049013138,0.036364320665597916,0.0009515132987871766,0.9923190895472436,-0.2935440745429371,0.6123876123876124,0.0266366396099329,0.027103334665298462,0.027000516653060913,0.9865233303568374,-0.434194497514621,0.6743256743256744
h0_chr1_188000709_188004804,h0,,,chr1,188000709,188004804,/gpfs/scratch/bty252/dna_foundation_model/figures/bp_jacobian_hyena_hg38/h0_chr1_188000709_188004804.npz,4095,4096,11,145,0.22075702075702075,positive,0.01,38951,50,0,0.051064155995845795,0.3948807418346405,0.04804984852671623,0.047938358038663864,0.0010910608107224107,1.0652045269189419,2.8649163515572376,0.001998001998001998,0.03920309990644455,0.03544927015900612,0.03536605089902878,1.1084952633917389,4.070751036275381,0.000999000999000999
h0_chr1_236620149_236624244,h0,,,chr1,236620149,236624244,/gpfs/scratch/bty252/dna_foundation_model/figures/bp_jacobian_hyena_hg38/h0_chr1_236620149_236624244.npz,4095,4096,11,119,0.18437118437118438,positive,0.01,39891,50,0,0.021458474919199944,0.31626182794570923,0.03406113013625145,0.03469868004322052,0.0008858332876116037,0.6184233778481304,-14.94661050694878,1.0,0.016670426353812218,0.02420894242823124,0.024694016203284264,0.6750795908036652,-10.815029511713712,1.0
h0_chr14_101543080_101547175,h0,,,chr14,101543080,101547175,/gpfs/scratch/bty252/dna_foundation_model/figures/bp_jacobian_hyena_hg38/h0_chr14_101543080_101547175.npz,4095,4096,11,95,0.14334554334554334,positive,0.01,39110,50,0,0.027512146160006523,0.28928661346435547,0.020325342193245888,0.021339401602745056,0.0007452110294252634,1.289265119621134,8.283216852040065,0.000999000999000999,0.017284581437706947,0.011935989372432232,0.012494144029915333,1.3834146137839967,8.318462997843543,0.000999000999000999
h0_chr14_26677340_26681435,h0,,,chr14,26677340,26681435,/gpfs/scratch/bty252/dna_foundation_model/figures/bp_jacobian_hyena_hg38/h0_chr14_26677340_26681435.npz,4095,4096,11,133,0.20537240537240536,positive,0.01,36315,50,0,0.027977420017123222,0.32036349177360535,0.04273354634642601,0.04110626503825188,0.0010005093645304441,0.6806120670678432,-13.122161057723075,1.0,0.0214511901140213,0.030173182487487793,0.028941897675395012,0.7411811884145405,-8.537754986142087,1.0
h0_chr14_33378322_33382417,h0,,,chr14,33378322,33382417,/gpfs/scratch/bty252/dna_foundation_model/figures/bp_jacobian_hyena_hg38/h0_chr14_33378322_33382417.npz,4095,4096,11,140,0.21733821733821734,positive,0.01,39436,50,0,0.042778171598911285,0.36410894989967346,0.04759347438812256,0.046637918800115585,0.0010772175155580044,0.9172401492067709,-3.5830713346736944,1.0,0.03202657401561737,0.035207606852054596,0.03429320827126503,0.93390428105419,-2.531292012981585,0.997002997002997
h0_chr17_22742263_22746358,h0,,,chr17,22742263,22746358,/gpfs/scratch/bty252/dna_foundation_model/figures/bp_jacobian_hyena_hg38/h0_chr17_22742263_22746358.npz,4095,4096,11,77,0.12405372405372406,positive,0.01,40082,50,0,0.01674068160355091,0.20088817179203033,0.01565926894545555,0.015444938093423843,0.0006139841279946268,1.08389438030048,2.1103860035587227,0.02197802197802198,0.013422483578324318,0.012582803145051003,0.01242996845394373,1.079848563418171,1.774182002217509,0.03596403596403597
h0_chr17_35243344_35247439,h0,,,chr17,35243344,35247439,/gpfs/scratch/bty252/dna_foundation_model/figures/bp_jacobian_hyena_hg38/h0_chr17_35243344_35247439.npz,4095,4096,11,104,0.16312576312576313,positive,0.01,38631,50,0,0.02743910253047943,0.3010794520378113,0.02659224532544613,0.026601873338222504,0.0008288384997285903,1.0314725651690841,1.010123434820034,0.16783216783216784,0.021407676860690117,0.018036121502518654,0.0180774237960577,1.184221662456056,4.872426794769185,0.000999000999000999
h0_chr17_72349260_72353355,h0,,,chr17,72349260,72353355,/gpfs/scratch/bty252/dna_foundation_model/figures/bp_jacobian_hyena_hg38/h0_chr17_72349260_72353355.npz,4095,4096,11,92,0.1452991452991453,positive,0.01,38335,50,0,0.017190556973218918,0.24066779017448425,0.021345356479287148,0.02101207710802555,0.0007325342739932239,0.8181274456989782,-5.21684823561168,1.0,0.010616929270327091,0.014099027030169964,0.013883266597986221,0.7647284733311313,-5.5024152078769255,1.0
h0_chr21_12003041_12007136,h0,,,chr21,12003041,12007136,/gpfs/scratch/bty252/dna_foundation_model/figures/bp_jacobian_hyena_hg38/h0_chr21_12003041_12007136.npz,4095,4096,11,51,0.08156288156288156,positive,0.01,41380,50,0,0.008216530084609985,0.14538423717021942,0.006636268924921751,0.006524674594402313,0.00038789596874266863,1.259301129233197,4.361621740209562,0.000999000999000999,0.006621556356549263,0.005122258793562651,0.005039826035499573,1.3138462141169722,4.664070588429144,0.000999000999000999
h0_chr21_19112010_19116105,h0,,,chr21,19112010,19116105,/gpfs/scratch/bty252/dna_foundation_model/figures/bp_jacobian_hyena_hg38/h0_chr21_19112010_19116105.npz,4095,4096,11,148,0.231990231990232,positive,0.01,39804,50,0,0.05760727450251579,0.42545974254608154,0.0532805398106575,0.05365702137351036,0.0011450316524133086,1.0736204326644865,3.449907363416322,0.001998001998001998,0.04984423518180847,0.04573851823806763,0.046149659901857376,1.080056392350627,3.532796084466974,0.000999000999000999
h0_chr21_38658585_38662680,h0,,,chr21,38658585,38662680,/gpfs/scratch/bty252/dna_foundation_model/figures/bp_jacobian_hyena_hg38/h0_chr21_38658585_38662680.npz,4095,4096,11,118,0.18046398046398046,positive,0.01,40032,50,0,0.03184952214360237,0.3355565667152405,0.03229878097772598,0.032206710427999496,0.0008967650355771184,0.9889095073774875,-0.3983075501680935,0.6603396603396603,0.016911471262574196,0.018088066950440407,0.017580660060048103,0.9619360823092966,-1.0153147110370644,0.8501498501498501
h0_chr3_108979737_108983832,h0,,,chr3,108979737,108983832,/gpfs/scratch/bty252/dna_foundation_model/figures/bp_jacobian_hyena_hg38/h0_chr3_108979737_108983832.npz,4095,4096,11,117,0.1838827838827839,positive,0.01,38321,50,0,0.03368910029530525,0.34104016423225403,0.03347494453191757,0.03312940523028374,0.000933364441152662,1.0168942080647405,0.599653297623292,0.26673326673326675,0.024033820256590843,0.027306247502565384,0.026980089023709297,0.8907984045371622,-3.5769806633982597,0.999000999000999
h0_chr3_127665795_127669890,h0,,,chr3,127665795,127669890,/gpfs/scratch/bty252/dna_foundation_model/figures/bp_jacobian_hyena_hg38/h0_chr3_127665795_127669890.npz,4095,4096,11,74,0.11892551892551892,positive,0.01,39572,50,0,0.015743454918265343,0.24342969059944153,0.013972604647278786,0.01396914478391409,0.0005786961992271245,1.1270163751466322,3.0660476718542937,0.000999000999000999,0.0111442431807518,0.008917984552681446,0.00889500044286251,1.252865950073574,4.732094678641623,0.000999000999000999
h0_chr3_17001367_17005462,h0,,,chr3,17001367,17005462,/gpfs/scratch/bty252/dna_foundation_model/figures/bp_jacobian_hyena_hg38/h0_chr3_17001367_17005462.npz,4095,4096,11,134,0.20317460317460317,positive,0.01,39066,50,0,0.03711667284369469,0.34500589966773987,0.04060284048318863,0.040764372795820236,0.0009565879590809345,0.9105174518348148,-3.8132405049611613,1.0,0.027287155389785767,0.02925577200949192,0.02920757234096527,0.9342493470953075,-2.297902660063828,0.988011988011988
h0_chr7_120066194_120070289,h0,,,chr7,120066194,120070289,/gpfs/scratch/bty252/dna_foundation_model/figures/bp_jacobian_hyena_hg38/h0_chr7_120066194_120070289.npz,4095,4096,11,128,0.1938949938949939,positive,0.01,37702,50,0,0.03784945234656334,0.34995490312576294,0.037709373980760574,0.036682985723018646,0.0010038726031780243,1.0317985736589792,1.1619667872715465,0.12087912087912088,0.028910933062434196,0.02994469739496708,0.028881650418043137,1.0010138840394234,0.034892129392848706,0.4865134865134865
h0_chr7_137924469_137928564,h0,,,chr7,137924469,137928564,/gpfs/scratch/bty252/dna_foundation_model/figures/bp_jacobian_hyena_hg38/h0_chr7_137924469_137928564.npz,4095,4096,11,103,0.16117216117216118,positive,0.01,39502,50,0,0.025391118600964546,0.2647460997104645,0.026247864589095116,0.026282794773578644,0.0008044839487411082,0.9660737687793204,-1.1083828011850723,0.8771228771228772,0.018201610073447227,0.01884080283343792,0.018802618607878685,0.9680359131371402,-0.8478608020907211,0.8071928071928072
h0_chr7_4391321_4395416,h0,,,chr7,4391321,4395416,/gpfs/scratch/bty252/dna_foundation_model/figures/bp_jacobian_hyena_hg38/h0_chr7_4391321_4395416.npz,4095,4096,11,143,0.2144078144078144,positive,0.01,38779,50,0,0.06343639642000198,0.35323241353034973,0.0468425489962101,0.04669937491416931,0.0010619389358907938,1.3583992620156977,15.76081348951862,0.000999000999000999,0.04685525596141815,0.027228612452745438,0.027039095759391785,1.7328706691363154,23.535230564195903,0.000999000999000999
h0_chrX_127567034_127571129,h0,,,chrX,127567034,127571129,/gpfs/scratch/bty252/dna_foundation_model/figures/bp_jacobian_hyena_hg38/h0_chrX_127567034_127571129.npz,4095,4096,11,190,0.25347985347985347,positive,0.01,36876,50,0,0.06204577535390854,0.44375744462013245,0.06388592720031738,0.06456130743026733,0.0012733291368931532,0.9610365375720462,-1.9755552617735135,0.98001998001998,0.05054778233170509,0.04120344668626785,0.04146450012922287,1.2190616593513595,8.838373626338772,0.000999000999000999
h0_chrX_130740848_130744943,h0,,,chrX,130740848,130744943,/gpfs/scratch/bty252/dna_foundation_model/figures/bp_jacobian_hyena_hg38/h0_chrX_130740848_130744943.npz,4095,4096,11,134,0.20683760683760682,positive,0.01,38256,50,0,0.0527760349214077,0.4142356812953949,0.04290128871798515,0.042612168937921524,0.001004508463665843,1.2385202686653465,10.118248228983822,0.000999000999000999,0.038634464144706726,0.03199475258588791,0.0317583903670311,1.216512036605413,7.8847398741071935,0.000999000999000999
h0_chrX_83970161_83974256,h0,,,chrX,83970161,83974256,/gpfs/scratch/bty252/dna_foundation_model/figures/bp_jacobian_hyena_hg38/h0_chrX_83970161_83974256.npz,4095,4096,11,130,0.20122100122100123,positive,0.01,39425,50,0,0.043525680899620056,0.3740266263484955,0.0403781495988369,0.0403711311519146,0.000980106182396412,1.0781387505798399,3.218579582869702,0.000999000999000999,0.02721623331308365,0.026193926110863686,0.026122359558939934,1.0418749979945574,1.3235340144702268,0.0969030969030969
h1_chr10_110104373_110108468,h1,,,chr10,110104373,110108468,/gpfs/scratch/bty252/dna_foundation_model/figures/bp_jacobian_hyena_hg38/h1_chr10_110104373_110108468.npz,4095,4096,11,150,0.21172161172161172,positive,0.01,39510,50,0,0.035079725086688995,0.3272083103656769,0.044518325477838516,0.04453146457672119,0.001041456125676632,0.7877514341854122,-9.075504245453855,1.0,0.026778031140565872,0.03340671584010124,0.033270057290792465,0.8048688015928583,-7.2836215923296255,1.0
h1_chr10_19287595_19291690,h1,,,chr10,19287595,19291690,/gpfs/scratch/bty252/dna_foundation_model/figures/bp_jacobian_hyena_hg38/h1_chr10_19287595_19291690.npz,4095,4096,11,130,0.20732600732600734,positive,0.01,38702,50,0,0.029145780950784683,0.29740065336227417,0.044102005660533905,0.04297630861401558,0.0010230687912553549,0.678182512429175,-13.518668325577764,1.0,0.023332128301262856,0.0357302688062191,0.03489827364683151,0.6685754297585785,-12.069506018812662,1.0
h1_chr10_4663039_4667134,h1,,,chr10,4663039,4667134,/gpfs/scratch/bty252/dna_foundation_model/figures/bp_jacobian_hyena_hg38/h1_chr10_4663039_4667134.npz,4095,4096,11,147,0.2222222222222222,positive,0.01,38267,50,0,0.04196827486157417,0.32456162571907043,0.05038045719265938,0.04963508993387222,0.001134781981818378,0.8455363920461838,-6.756200922412183,1.0,0.026262836530804634,0.033221907913684845,0.03252439573407173,0.8074811518571074,-6.985812612817614,1.0
h1_chr1_117801428_117805523,h1,,,chr1,117801428,117805523,/gpfs/scratch/bty252/dna_foundation_model/figures/bp_jacobian_hyena_hg38/h1_chr1_117801428_117805523.npz,4095,4096,11,124,0.19023199023199022,positive,0.01,39483,50,0,0.042777903378009796,0.3660815954208374,0.03635784238576889,0.03629503771662712,0.0009239445207640529,1.178615757669066,7.016509666642853,0.000999000999000999,0.03224172443151474,0.02671295404434204,0.026856519281864166,1.2005176133635131,6.5426915782287915,0.000999000999000999
h1_chr1_188000709_188004804,h1,,,chr1,188000709,188004804,/gpfs/scratch/bty252/dna_foundation_model/figures/bp_jacobian_hyena_hg38/h1_chr1_188000709_188004804.npz,4095,4096,11,145,0.22075702075702075,positive,0.01,38610,50,0,0.051023051142692566,0.36987826228141785,0.048834800720214844,0.047650452703237534,0.0010782418539747596,1.070777888731913,3.1278682301401193,0.000999000999000999,0.03973063826560974,0.036332521587610245,0.03515997901558876,1.1299960744571123,4.8927289104406855,0.000999000999000999
h1_chr1_236620149_236624244,h1,,,chr1,236620149,236624244,/gpfs/scratch/bty252/dna_foundation_model/figures/bp_jacobian_hyena_hg38/h1_chr1_236620149_236624244.npz,4095,4096,11,119,0.18437118437118438,positive,0.01,38960,50,0,0.0382700189948082,0.31722280383110046,0.03407779708504677,0.0335371159017086,0.000873984710779041,1.1411243324253315,5.4153156625369805,0.000999000999000999,0.02882443554699421,0.02424480952322483,0.02403726987540722,1.199155964733116,6.098706450631907,0.000999000999000999
h1_chr14_101543080_101547175,h1,,,chr14,101543080,101547175,/gpfs/scratch/bty252/dna_foundation_model/figures/bp_jacobian_hyena_hg38/h1_chr14_101543080_101547175.npz,4095,4096,11,95,0.14334554334554334,positive,0.01,38988,50,0,0.02305837720632553,0.27410998940467834,0.020378295332193375,0.020650070160627365,0.0007225805893540382,1.116624642287656,3.3329251867270724,0.000999000999000999,0.013209193013608456,0.012240417301654816,0.012080692686140537,1.0934135448013325,2.0753575504739046,0.02197802197802198
h1_chr14_26677340_26681435,h1,,,chr14,26677340,26681435,/gpfs/scratch/bty252/dna_foundation_model/figures/bp_jacobian_hyena_hg38/h1_chr14_26677340_26681435.npz,4095,4096,11,133,0.20537240537240536,positive,0.01,38310,50,0,0.05993213132023811,0.3977029621601105,0.04240292310714722,0.04177587851881981,0.0010074981255456805,1.434610915321362,18.02112812029752,0.000999000999000999,0.04675019532442093,0.03021571971476078,0.029960323125123978,1.5604035753945986,19.111250718789243,0.000999000999000999
h1_chr14_33378322_33382417,h1,,,chr14,33378322,33382417,/gpfs/scratch/bty252/dna_foundation_model/figures/bp_jacobian_hyena_hg38/h1_chr14_33378322_33382417.npz,4095,4096,11,140,0.21733821733821734,positive,0.01,39411,50,0,0.05163532868027687,0.3950927257537842,0.0468779094517231,0.04661520943045616,0.001101454719901085,1.107692731860619,4.55771731612493,0.000999000999000999,0.03788282349705696,0.03483105078339577,0.03429938480257988,1.1044753051724574,3.852839728321732,0.000999000999000999
h1_chr17_22742263_22746358,h1,,,chr17,22742263,22746358,/gpfs/scratch/bty252/dna_foundation_model/figures/bp_jacobian_hyena_hg38/h1_chr17_22742263_22746358.npz,4095,4096,11,77,0.12405372405372406,positive,0.01,39618,50,0,0.018375486135482788,0.2012721449136734,0.01568346843123436,0.015512418933212757,0.0006230107974261045,1.1845661346948335,4.595533840020838,0.000999000999000999,0.015346559695899487,0.012740625068545341,0.012597759254276752,1.2181975688009403,4.9845427980192305,0.000999000999000999
h1_chr17_35243344_35247439,h1,,,chr17,35243344,35247439,/gpfs/scratch/bty252/dna_foundation_model/figures/bp_jacobian_hyena_hg38/h1_chr17_35243344_35247439.npz,4095,4096,11,104,0.16312576312576313,positive,0.01,39800,50,0,0.02645728550851345,0.2762814164161682,0.026893889531493187,0.026496104896068573,0.0007763664470985532,0.9985349021032566,-0.050001372032754246,0.5094905094905094,0.02148241177201271,0.018700774759054184,0.017978893592953682,1.1948683972651206,5.564420316028466,0.000999000999000999
h1_chr17_72349260_72353355,h1,,,chr17,72349260,72353355,/gpfs/scratch/bty252/dna_foundation_model/figures/bp_jacobian_hyena_hg38/h1_chr17_72349260_72353355.npz,4095,4096,11,92,0.1452991452991453,positive,0.01,39194,50,0,0.019671378657221794,0.26067766547203064,0.021628033369779587,0.02145499363541603,0.0007004439830780029,0.9168671401864226,-2.546406309832787,0.994005994005994,0.014083788730204105,0.014332536607980728,0.01441526785492897,0.9770049971973623,-0.5706536590410404,0.7052947052947053
h1_chr21_12003041_12007136,h1,,,chr21,12003041,12007136,/gpfs/scratch/bty252/dna_foundation_model/figures/bp_jacobian_hyena_hg38/h1_chr21_12003041_12007136.npz,4095,4096,11,51,0.08156288156288156,positive,0.01,40067,50,0,0.007138043642044067,0.07891781628131866,0.006826643832027912,0.006527117919176817,0.0003975328290835023,1.093598082711565,1.5367931354895088,0.08091908091908091,0.007063169032335281,0.0051848748698830605,0.0050531611777842045,1.3977723614651174,6.000444320684153,0.000999000999000999
h1_chr21_19112010_19116105,h1,,,chr21,19112010,19116105,/gpfs/scratch/bty252/dna_foundation_model/figures/bp_jacobian_hyena_hg38/h1_chr21_19112010_19116105.npz,4095,4096,11,148,0.231990231990232,positive,0.01,37772,50,0,0.04204172268509865,0.35952556133270264,0.05544567108154297,0.053256966173648834,0.0011565372115001082,0.7894126478781773,-9.69726125284222,1.0,0.03476119786500931,0.04786593094468117,0.045597903430461884,0.7623420212295755,-10.452354819066809,1.0
h1_chr21_38658585_38662680,h1,,,chr21,38658585,38662680,/gpfs/scratch/bty252/dna_foundation_model/figures/bp_jacobian_hyena_hg38/h1_chr21_38658585_38662680.npz,4095,4096,11,118,0.18046398046398046,positive,0.01,36786,50,0,0.026232805103063583,0.29951611161231995,0.032564882189035416,0.03230484575033188,0.0009012611117213964,0.8120393239393222,-6.737271328251122,1.0,0.012423204258084297,0.018668698146939278,0.017178436741232872,0.723185959538755,-7.041293054772776,1.0
h1_chr3_108979737_108983832,h1,,,chr3,108979737,108983832,/gpfs/scratch/bty252/dna_foundation_model/figures/bp_jacobian_hyena_hg38/h1_chr3_108979737_108983832.npz,4095,4096,11,117,0.1838827838827839,positive,0.01,39377,50,0,0.03613784536719322,0.35177895426750183,0.033637672662734985,0.03339231014251709,0.0009065633057616651,1.082220583510344,3.028509103806515,0.000999000999000999,0.02862076833844185,0.027544055134058,0.02728409878909588,1.0489907898251773,1.6213134033343106,0.04895104895104895
h1_chr3_127665795_127669890,h1,,,chr3,127665795,127669890,/gpfs/scratch/bty252/dna_foundation_model/figures/bp_jacobian_hyena_hg38/h1_chr3_127665795_127669890.npz,4095,4096,11,74,0.11892551892551892,positive,0.01,38914,50,0,0.010793031193315983,0.1778794229030609,0.014420595951378345,0.013963817618787289,0.0005751574062742293,0.7729283988065523,-5.512902017573093,1.0,0.007914889603853226,0.009319153614342213,0.009000899270176888,0.8793443150817175,-2.2199466641791052,0.984015984015984
h1_chr3_17001367_17005462,h1,,,chr3,17001367,17005462,/gpfs/scratch/bty252/dna_foundation_model/figures/bp_jacobian_hyena_hg38/h1_chr3_17001367_17005462.npz,4095,4096,11,134,0.20317460317460317,positive,0.01,38722,50,0,0.0394865982234478,0.3406590521335602,0.041464291512966156,0.0412418507039547,0.000996812479570508,0.957440016620336,-1.7608652745430862,0.975024975024975,0.026754816994071007,0.02981063537299633,0.029605701565742493,0.9037048804487607,-3.3524558206366035,0.999000999000999
h1_chr7_120066194_120070289,h1,,,chr7,120066194,120070289,/gpfs/scratch/bty252/dna_foundation_model/figures/bp_jacobian_hyena_hg38/h1_chr7_120066194_120070289.npz,4095,4096,11,128,0.1938949938949939,positive,0.01,39308,50,0,0.04159458726644516,0.33725959062576294,0.03829287737607956,0.036976058036088943,0.0009456381667405367,1.1249059384818276,4.884034287951328,0.000999000999000999,0.0343187153339386,0.03044578991830349,0.0293295755982399,1.170106100546443,5.639062076167051,0.000999000999000999
h1_chr7_137924469_137928564,h1,,,chr7,137924469,137928564,/gpfs/scratch/bty252/dna_foundation_model/figures/bp_jacobian_hyena_hg38/h1_chr7_137924469_137928564.npz,4095,4096,11,103,0.16117216117216118,positive,0.01,39426,50,0,0.014533556997776031,0.16653984785079956,0.027012987062335014,0.02690640650689602,0.0008470877655781806,0.5401522865586355,-14.606337161149868,1.0,0.01184497494250536,0.019488299265503883,0.019295135512948036,0.6138839986149238,-11.178069347761308,1.0
h1_chr7_4391321_4395416,h1,,,chr7,4391321,4395416,/gpfs/scratch/bty252/dna_foundation_model/figures/bp_jacobian_hyena_hg38/h1_chr7_4391321_4395416.npz,4095,4096,11,143,0.2144078144078144,positive,0.01,37787,50,0,0.14198005199432373,0.43652579188346863,0.04587597772479057,0.04862061142921448,0.0010755711700767279,2.9201617960117368,86.7998726280933,0.000999000999000999,0.10479794442653656,0.027330810204148293,0.02968740463256836,3.5300473626303024,85.0520304067497,0.000999000999000999
h1_chrX_127567034_127571129,h1,,,chrX,127567034,127571129,/gpfs/scratch/bty252/dna_foundation_model/figures/bp_jacobian_hyena_hg38/h1_chrX_127567034_127571129.npz,4095,4096,11,190,0.25347985347985347,positive,0.01,39066,50,0,0.06555572897195816,0.4435058534145355,0.06403762847185135,0.06468468904495239,0.0012032038066536188,1.0134659366824883,0.7239338191825758,0.23576423576423577,0.038857318460941315,0.04144907742738724,0.04169193282723427,0.9320104832261145,-2.7748043096547863,0.998001998001998
h1_chrX_130740848_130744943,h1,,,chrX,130740848,130744943,/gpfs/scratch/bty252/dna_foundation_model/figures/bp_jacobian_hyena_hg38/h1_chrX_130740848_130744943.npz,4095,4096,11,134,0.20683760683760682,positive,0.01,39312,50,0,0.03220390900969505,0.3152726888656616,0.04371904581785202,0.042752113193273544,0.0010302833979949355,0.7532705778567664,-10.238157971007452,1.0,0.025869963690638542,0.032466161996126175,0.031971052289009094,0.8091683519448009,-6.835165136139351,1.0
h1_chrX_83970161_83974256,h1,,,chrX,83970161,83974256,/gpfs/scratch/bty252/dna_foundation_model/figures/bp_jacobian_hyena_hg38/h1_chrX_83970161_83974256.npz,4095,4096,11,130,0.20122100122100123,positive,0.01,39168,50,0,0.039368871599435806,0.3347119987010956,0.040805745869874954,0.04012367129325867,0.0010132486931979656,0.9811881697388525,-0.7449303402904958,0.7742257742257742,0.02514808066189289,0.02667703665792942,0.025913985446095467,0.970444346131329,-0.9701864480637405,0.8461538461538461
h2_chr10_110104373_110108468,h2,,,chr10,110104373,110108468,/gpfs/scratch/bty252/dna_foundation_model/figures/bp_jacobian_hyena_hg38/h2_chr10_110104373_110108468.npz,4095,4096,11,150,0.21172161172161172,positive,0.01,37838,50,0,0.05779903754591942,0.42467889189720154,0.04464900493621826,0.04469522833824158,0.0011028817389160395,1.2931813908301732,11.88142730566637,0.000999000999000999,0.039642687886953354,0.0335569866001606,0.03309281915426254,1.1979241690518576,7.190379555750833,0.000999000999000999
h2_chr10_19287595_19291690,h2,,,chr10,19287595,19291690,/gpfs/scratch/bty252/dna_foundation_model/figures/bp_jacobian_hyena_hg38/h2_chr10_19287595_19291690.npz,4095,4096,11,130,0.20732600732600734,positive,0.01,39317,50,0,0.06259378790855408,0.405269980430603,0.04363679513335228,0.0427253358066082,0.001033116364851594,1.465027406499,19.231572335803584,0.000999000999000999,0.05353918299078941,0.03522024676203728,0.03470132499933243,1.542857023235262,20.69857287957619,0.000999000999000999
h2_chr10_4663039_4667134,h2,,,chr10,4663039,4667134,/gpfs/scratch/bty252/dna_foundation_model/figures/bp_jacobian_hyena_hg38/h2_chr10_4663039_4667134.npz,4095,4096,11,147,0.2222222222222222,positive,0.01,39499,50,0,0.11063571274280548,0.5112028121948242,0.048633210361003876,0.0498075895011425,0.0010961726075038314,2.2212621379773396,55.491373188186856,0.000999000999000999,0.06595103442668915,0.03199874982237816,0.0328376442193985,2.0083972524353393,37.565247433567734,0.000999000999000999
h2_chr1_117801428_117805523,h2,,,chr1,117801428,117805523,/gpfs/scratch/bty252/dna_foundation_model/figures/bp_jacobian_hyena_hg38/h2_chr1_117801428_117805523.npz,4095,4096,11,124,0.19023199023199022,positive,0.01,39541,50,0,0.04721681401133537,0.353961706161499,0.03732449933886528,0.036236368119716644,0.000932942028157413,1.3030228044748264,11.769697966448591,0.000999000999000999,0.03692369908094406,0.027489976957440376,0.026773374527692795,1.3791201046678807,12.596389027278665,0.000999000999000999
h2_chr1_188000709_188004804,h2,,,chr1,188000709,188004804,/gpfs/scratch/bty252/dna_foundation_model/figures/bp_jacobian_hyena_hg38/h2_chr1_188000709_188004804.npz,4095,4096,11,145,0.22075702075702075,positive,0.01,39084,50,0,0.04641285538673401,0.3863217830657959,0.04801897332072258,0.047858405858278275,0.0010567980352789164,0.9697952648940098,-1.3678587802850595,0.9170829170829171,0.03303141891956329,0.03535890206694603,0.0352519191801548,0.9370105142575742,-2.4146333682561885,0.995004995004995
h2_chr1_236620149_236624244,h2,,,chr1,236620149,236624244,/gpfs/scratch/bty252/dna_foundation_model/figures/bp_jacobian_hyena_hg38/h2_chr1_236620149_236624244.npz,4095,4096,11,119,0.18437118437118438,positive,0.01,38293,50,0,0.04679706320166588,0.366751104593277,0.034164998680353165,0.03325210511684418,0.0009109419188462198,1.4073413709365536,14.86917859919924,0.000999000999000999,0.03515002876520157,0.02420513518154621,0.023636173456907272,1.4871285671213235,14.857623744974076,0.000999000999000999
h2_chr14_101543080_101547175,h2,,,chr14,101543080,101547175,/gpfs/scratch/bty252/dna_foundation_model/figures/bp_jacobian_hyena_hg38/h2_chr14_101543080_101547175.npz,4095,4096,11,95,0.14334554334554334,positive,0.01,38767,50,0,0.022519152611494064,0.27151960134506226,0.02087198942899704,0.020649418234825134,0.0007241120911203325,1.0905465885482253,2.5821062782919597,0.002997002997002997,0.012278484180569649,0.012561009265482426,0.012111022137105465,1.0138272427849933,0.30334997326027285,0.3906093906093906
h2_chr14_26677340_26681435,h2,,,chr14,26677340,26681435,/gpfs/scratch/bty252/dna_foundation_model/figures/bp_jacobian_hyena_hg38/h2_chr14_26677340_26681435.npz,4095,4096,11,133,0.20537240537240536,positive,0.01,38688,50,0,0.052962157875299454,0.3775072395801544,0.04300745204091072,0.04168049618601799,0.0009871869115158916,1.2706700428644604,11.428090828268497,0.000999000999000999,0.041459884494543076,0.030850766226649284,0.0297725647687912,1.3925533395095002,13.788159384710466,0.000999000999000999
h2_chr14_33378322_33382417,h2,,,chr14,33378322,33382417,/gpfs/scratch/bty252/dna_foundation_model/figures/bp_jacobian_hyena_hg38/h2_chr14_33378322_33382417.npz,4095,4096,11,140,0.21733821733821734,positive,0.01,39137,50,0,0.039681121706962585,0.35084447264671326,0.04779713973402977,0.046758491545915604,0.0010951623553410172,0.8486399025083342,-6.462393273871462,1.0,0.03068707324564457,0.035530634224414825,0.0343656912446022,0.8929566708618023,-4.007956276501156,1.0
h2_chr17_22742263_22746358,h2,,,chr17,22742263,22746358,/gpfs/scratch/bty252/dna_foundation_model/figures/bp_jacobian_hyena_hg38/h2_chr17_22742263_22746358.npz,4095,4096,11,77,0.12405372405372406,positive,0.01,39735,50,0,0.027784070000052452,0.26480433344841003,0.015588095411658287,0.0153032336384058,0.000607757770922035,1.8155685691371848,20.5358729394967,0.000999000999000999,0.022952057421207428,0.01246564369648695,0.012382736429572105,1.8535529324838058,18.935470223487695,0.000999000999000999
h2_chr17_35243344_35247439,h2,,,chr17,35243344,35247439,/gpfs/scratch/bty252/dna_foundation_model/figures/bp_jacobian_hyena_hg38/h2_chr17_35243344_35247439.npz,4095,4096,11,104,0.16312576312576313,positive,0.01,37549,50,0,0.018162934109568596,0.25425443053245544,0.02674303948879242,0.026344776153564453,0.0007946342811919749,0.6894320909654473,-10.296361782583622,1.0,0.013422461226582527,0.018344460055232048,0.017873207107186317,0.7509822465597531,-6.333886758768388,1.0
h2_chr17_72349260_72353355,h2,,,chr17,72349260,72353355,/gpfs/scratch/bty252/dna_foundation_model/figures/bp_jacobian_hyena_hg38/h2_chr17_72349260_72353355.npz,4095,4096,11,92,0.1452991452991453,positive,0.01,39706,50,0,0.02546214684844017,0.2726036310195923,0.021514911204576492,0.02099599502980709,0.0007566900458186865,1.2127144635104306,5.9022209203254565,0.000999000999000999,0.015211806632578373,0.014208197593688965,0.013845464214682579,1.0986852009228294,2.3705648071228484,0.008991008991008992
h2_chr21_12003041_12007136,h2,,,chr21,12003041,12007136,/gpfs/scratch/bty252/dna_foundation_model/figures/bp_jacobian_hyena_hg38/h2_chr21_12003041_12007136.npz,4095,4096,11,51,0.08156288156288156,positive,0.01,39211,50,0,0.018387697637081146,0.17724618315696716,0.006743310485035181,0.00639012036845088,0.0004137896467000246,2.8775197612652748,28.994387279408826,0.000999000999000999,0.01652597449719906,0.005233264062553644,0.004957562778145075,3.333487690776642,32.83901161653281,0.000999000999000999
h2_chr21_19112010_19116105,h2,,,chr21,19112010,19116105,/gpfs/scratch/bty252/dna_foundation_model/figures/bp_jacobian_hyena_hg38/h2_chr21_19112010_19116105.npz,4095,4096,11,148,0.231990231990232,positive,0.01,38696,50,0,0.06830163300037384,0.4467903673648834,0.05382462590932846,0.053700949996709824,0.0011534937657415867,1.2718887283103666,12.657790997489412,0.000999000999000999,0.0625387653708458,0.046104125678539276,0.04628783464431763,1.351084271956177,15.05490914765648,0.000999000999000999
h2_chr21_38658585_38662680,h2,,,chr21,38658585,38662680,/gpfs/scratch/bty252/dna_foundation_model/figures/bp_jacobian_hyena_hg38/h2_chr21_38658585_38662680.npz,4095,4096,11,118,0.18046398046398046,positive,0.01,36862,50,0,0.04337800294160843,0.37681081891059875,0.032484084367752075,0.032152894884347916,0.0009062428143806756,1.3491165600371777,12.386424343603462,0.000999000999000999,0.03309641405940056,0.018579542636871338,0.018057838082313538,1.8328004663978195,22.516035568537358,0.000999000999000999
h2_chr3_108979737_108983832,h2,,,chr3,108979737,108983832,/gpfs/scratch/bty252/dna_foundation_model/figures/bp_jacobian_hyena_hg38/h2_chr3_108979737_108983832.npz,4095,4096,11,117,0.1838827838827839,positive,0.01,39056,50,0,0.04247746989130974,0.3519817590713501,0.03403712809085846,0.032953064888715744,0.0008874943596310914,1.2890294130381625,10.731792150829044,0.000999000999000999,0.036742113530635834,0.02785956859588623,0.026858970522880554,1.3679643268283888,12.196963845672883,0.000999000999000999
h2_chr3_127665795_127669890,h2,,,chr3,127665795,127669890,/gpfs/scratch/bty252/dna_foundation_model/figures/bp_jacobian_hyena_hg38/h2_chr3_127665795_127669890.npz,4095,4096,11,74,0.11892551892551892,positive,0.01,37559,50,0,0.010756409727036953,0.19995208084583282,0.014394043944776058,0.013975026085972786,0.0006057833088561893,0.7696879891933462,-5.313147972024962,1.0,0.005324955563992262,0.009422345086932182,0.008988577872514725,0.5924135763761821,-7.576260368290415,1.0
h2_chr3_17001367_17005462,h2,,,chr3,17001367,17005462,/gpfs/scratch/bty252/dna_foundation_model/figures/bp_jacobian_hyena_hg38/h2_chr3_17001367_17005462.npz,4095,4096,11,134,0.20317460317460317,positive,0.01,37076,50,0,0.07624878734350204,0.4655842185020447,0.040270380675792694,0.0399913415312767,0.0009984888602048159,1.9066323965118517,36.31231880222279,0.000999000999000999,0.05467148497700691,0.0289518553763628,0.0286512840539217,1.9081687534183533,30.42870400863013,0.000999000999000999
h2_chr7_120066194_120070289,h2,,,chr7,120066194,120070289,/gpfs/scratch/bty252/dna_foundation_model/figures/bp_jacobian_hyena_hg38/h2_chr7_120066194_120070289.npz,4095,4096,11,128,0.1938949938949939,positive,0.01,38891,50,0,0.04358334839344025,0.3606489896774292,0.03838483616709709,0.037154506891965866,0.0009892196394503117,1.1730299239380977,6.498902008300958,0.000999000999000999,0.03597233444452286,0.030614685267210007,0.029440948739647865,1.2218469847094036,7.388412460282009,0.000999000999000999
h2_chr7_137924469_137928564,h2,,,chr7,137924469,137928564,/gpfs/scratch/bty252/dna_foundation_model/figures/bp_jacobian_hyena_hg38/h2_chr7_137924469_137928564.npz,4095,4096,11,103,0.16117216117216118,positive,0.01,38081,50,0,0.029095875099301338,0.2757805585861206,0.026592332869768143,0.025990204885601997,0.0008195711998268962,1.119493871917101,3.7893842711350736,0.001998001998001998,0.01979989930987358,0.019172077998518944,0.018692629411816597,1.0592356416886444,1.609342106109167,0.057942057942057944
h2_chr7_4391321_4395416,h2,,,chr7,4391321,4395416,/gpfs/scratch/bty252/dna_foundation_model/figures/bp_jacobian_hyena_hg38/h2_chr7_4391321_4395416.npz,4095,4096,11,143,0.2144078144078144,positive,0.01,36256,50,0,0.07022286206483841,0.44640886783599854,0.044936444610357285,0.045964308083057404,0.0011048538144677877,1.5277693713553973,21.95634722360663,0.000999000999000999,0.034118492156267166,0.027413934469223022,0.02607598900794983,1.3084256227391953,9.265500361213896,0.000999000999000999
h2_chrX_127567034_127571129,h2,,,chrX,127567034,127571129,/gpfs/scratch/bty252/dna_foundation_model/figures/bp_jacobian_hyena_hg38/h2_chrX_127567034_127571129.npz,4095,4096,11,190,0.25347985347985347,positive,0.01,38006,50,0,0.05293900892138481,0.412776917219162,0.06407229602336884,0.0640445202589035,0.0012144153006374836,0.8265970095080102,-9.144739309270124,1.0,0.04699258133769035,0.041663531213998795,0.041081856936216354,1.1438767583133105,5.887574605361266,0.000999000999000999
h2_chrX_130740848_130744943,h2,,,chrX,130740848,130744943,/gpfs/scratch/bty252/dna_foundation_model/figures/bp_jacobian_hyena_hg38/h2_chrX_130740848_130744943.npz,4095,4096,11,134,0.20683760683760682,positive,0.01,40470,50,0,0.036298491060733795,0.33387693762779236,0.04333927482366562,0.04273313283920288,0.0010087754344567657,0.849422652846879,-6.3786662112110175,1.0,0.029404496774077415,0.032178785651922226,0.03181909769773483,0.924114726740686,-2.798096897424768,0.999000999000999
h2_chrX_83970161_83974256,h2,,,chrX,83970161,83974256,/gpfs/scratch/bty252/dna_foundation_model/figures/bp_jacobian_hyena_hg38/h2_chrX_83970161_83974256.npz,4095,4096,11,130,0.20122100122100123,positive,0.01,40542,50,0,0.0408218652009964,0.3622909486293793,0.042784105986356735,0.04057185351848602,0.0009469724027439952,1.0061621952370616,0.2640115823712808,0.41058941058941056,0.024394454434514046,0.027901895344257355,0.02624063938856125,0.9296440560494884,-2.349069306960025,0.996003996003996
h3_chr10_110104373_110108468,h3,,,chr10,110104373,110108468,/gpfs/scratch/bty252/dna_foundation_model/figures/bp_jacobian_hyena_hg38/h3_chr10_110104373_110108468.npz,4095,4096,11,150,0.21172161172161172,positive,0.01,40372,50,0,0.03888833895325661,0.34444665908813477,0.04507952556014061,0.044590063393116,0.0010483335936442018,0.8721301562280432,-5.438845491957517,1.0,0.02826216258108616,0.033733170479536057,0.03317227214574814,0.8519815120565586,-5.723318023439437,1.0
h3_chr10_19287595_19291690,h3,,,chr10,19287595,19291690,/gpfs/scratch/bty252/dna_foundation_model/figures/bp_jacobian_hyena_hg38/h3_chr10_19287595_19291690.npz,4095,4096,11,130,0.20732600732600734,positive,0.01,39822,50,0,0.04823966696858406,0.3642207682132721,0.04358403757214546,0.04293983429670334,0.0010119570652022958,1.1234246186247536,5.237210998493554,0.000999000999000999,0.044297121465206146,0.035257671028375626,0.03486700728535652,1.2704595236027065,10.046279274288235,0.000999000999000999
h3_chr10_4663039_4667134,h3,,,chr10,4663039,4667134,/gpfs/scratch/bty252/dna_foundation_model/figures/bp_jacobian_hyena_hg38/h3_chr10_4663039_4667134.npz,4095,4096,11,147,0.2222222222222222,positive,0.01,39647,50,0,0.07344818115234375,0.43329885601997375,0.049023427069187164,0.0499139167368412,0.001089033903554082,1.4714970483999712,21.610221994648697,0.000999000999000999,0.044517870992422104,0.032006651163101196,0.032897721976041794,1.353220476020888,13.298115520147082,0.000999000999000999
h3_chr1_117801428_117805523,h3,,,chr1,117801428,117805523,/gpfs/scratch/bty252/dna_foundation_model/figures/bp_jacobian_hyena_hg38/h3_chr1_117801428_117805523.npz,4095,4096,11,124,0.19023199023199022,positive,0.01,40553,50,0,0.03025670163333416,0.2897442877292633,0.036700256168842316,0.03633328899741173,0.0009325538412667811,0.8327542721356592,-6.516071346425567,1.0,0.021749315783381462,0.027054818347096443,0.02695472724735737,0.8068831705768329,-6.703355654793137,1.0
h3_chr1_188000709_188004804,h3,,,chr1,188000709,188004804,/gpfs/scratch/bty252/dna_foundation_model/figures/bp_jacobian_hyena_hg38/h3_chr1_188000709_188004804.npz,4095,4096,11,145,0.22075702075702075,positive,0.01,39442,50,0,0.05286243185400963,0.37997564673423767,0.048866257071495056,0.04756389185786247,0.0011089727049693465,1.111398369418151,4.777881342258658,0.000999000999000999,0.04168145731091499,0.036260515451431274,0.035079050809144974,1.188215084202016,7.114478147634268,0.000999000999000999
h3_chr1_236620149_236624244,h3,,,chr1,236620149,236624244,/gpfs/scratch/bty252/dna_foundation_model/figures/bp_jacobian_hyena_hg38/h3_chr1_236620149_236624244.npz,4095,4096,11,119,0.18437118437118438,positive,0.01,40650,50,0,0.036285363137722015,0.28961870074272156,0.03521224483847618,0.033283740282058716,0.00089103082427755,1.0901828589643603,3.3687082128690924,0.001998001998001998,0.02767527662217617,0.025086237117648125,0.023658843711018562,1.1697645480994934,5.249725785032355,0.000999000999000999
h3_chr14_101543080_101547175,h3,,,chr14,101543080,101547175,/gpfs/scratch/bty252/dna_foundation_model/figures/bp_jacobian_hyena_hg38/h3_chr14_101543080_101547175.npz,4095,4096,11,95,0.14334554334554334,positive,0.01,39935,50,0,0.025892075151205063,0.25754350423812866,0.021556049585342407,0.020823363214731216,0.0007102712988853455,1.2434146628575375,7.136304035413454,0.000999000999000999,0.01840490847826004,0.012985114008188248,0.012194542214274406,1.5092742437445537,11.395646631530546,0.000999000999000999
h3_chr14_26677340_26681435,h3,,,chr14,26677340,26681435,/gpfs/scratch/bty252/dna_foundation_model/figures/bp_jacobian_hyena_hg38/h3_chr14_26677340_26681435.npz,4095,4096,11,133,0.20537240537240536,positive,0.01,40111,50,0,0.06733813881874084,0.41260501742362976,0.042780984193086624,0.041616737842559814,0.000974490016233176,1.618054232734137,26.39473011289057,0.000999000999000999,0.05487272888422012,0.0305592343211174,0.029821719974279404,1.84002562332242,30.61116528226165,0.000999000999000999
h3_chr14_33378322_33382417,h3,,,chr14,33378322,33382417,/gpfs/scratch/bty252/dna_foundation_model/figures/bp_jacobian_hyena_hg38/h3_chr14_33378322_33382417.npz,4095,4096,11,140,0.21733821733821734,positive,0.01,40157,50,0,0.06454665213823318,0.4073760509490967,0.04789132624864578,0.04665054753422737,0.0010541471419855952,1.3836204621366017,16.976856352611883,0.000999000999000999,0.0502527579665184,0.03547348827123642,0.03426072746515274,1.466774399861517,18.403658961616447,0.000999000999000999
h3_chr17_22742263_22746358,h3,,,chr17,22742263,22746358,/gpfs/scratch/bty252/dna_foundation_model/figures/bp_jacobian_hyena_hg38/h3_chr17_22742263_22746358.npz,4095,4096,11,77,0.12405372405372406,positive,0.01,39166,50,0,0.03592401742935181,0.2394934445619583,0.015598374418914318,0.015399530529975891,0.0005896485527046025,2.332799520051865,34.808000130304926,0.000999000999000999,0.030638819560408592,0.01244898047298193,0.012475743889808655,2.4558711553414643,32.304726094016665,0.000999000999000999
h3_chr17_35243344_35247439,h3,,,chr17,35243344,35247439,/gpfs/scratch/bty252/dna_foundation_model/figures/bp_jacobian_hyena_hg38/h3_chr17_35243344_35247439.npz,4095,4096,11,104,0.16312576312576313,positive,0.01,39661,50,0,0.02574317343533039,0.2820402979850769,0.026996750384569168,0.02672933228313923,0.0008035296341404319,0.9631057432575335,-1.2272837315623983,0.8961038961038961,0.019691888242959976,0.01878635585308075,0.018051713705062866,1.0908597690332913,2.5543350838458383,0.003996003996003996
h3_chr17_72349260_72353355,h3,,,chr17,72349260,72353355,/gpfs/scratch/bty252/dna_foundation_model/figures/bp_jacobian_hyena_hg38/h3_chr17_72349260_72353355.npz,4095,4096,11,92,0.1452991452991453,positive,0.01,41081,50,0,0.011051337234675884,0.17991285026073456,0.02143210545182228,0.021012146025896072,0.0007015727460384369,0.5259499539483423,-14.19782744906466,1.0,0.007010539993643761,0.014238493517041206,0.013879215344786644,0.50511068669866,-11.822928213772446,1.0
h3_chr21_12003041_12007136,h3,,,chr21,12003041,12007136,/gpfs/scratch/bty252/dna_foundation_model/figures/bp_jacobian_hyena_hg38/h3_chr21_12003041_12007136.npz,4095,4096,11,51,0.08156288156288156,positive,0.01,39289,50,0,0.02135457843542099,0.15767772495746613,0.007121304515749216,0.006405660416930914,0.00038927257992327213,3.3337044185137144,38.40218599891262,0.000999000999000999,0.018478455021977425,0.005467158276587725,0.00496502872556448,3.721721674405134,39.01338747329223,0.000999000999000999
h3_chr21_19112010_19116105,h3,,,chr21,19112010,19116105,/gpfs/scratch/bty252/dna_foundation_model/figures/bp_jacobian_hyena_hg38/h3_chr21_19112010_19116105.npz,4095,4096,11,148,0.231990231990232,positive,0.01,39542,50,0,0.06150422245264053,0.3971220552921295,0.055282916873693466,0.05328984558582306,0.0010816113790497184,1.1541452555644631,7.594573269037219,0.000999000999000999,0.056168124079704285,0.047532834112644196,0.04568009078502655,1.229597470461149,9.881910474845812,0.000999000999000999
h3_chr21_38658585_38662680,h3,,,chr21,38658585,38662680,/gpfs/scratch/bty252/dna_foundation_model/figures/bp_jacobian_hyena_hg38/h3_chr21_38658585_38662680.npz,4095,4096,11,118,0.18046398046398046,positive,0.01,38266,50,0,0.05095907673239708,0.3593268096446991,0.03298613056540489,0.03227776661515236,0.0008823798270896077,1.5787671228924194,21.171506355559046,0.000999000999000999,0.036455340683460236,0.019567351788282394,0.018212512135505676,2.0016645925736833,26.4170152163846,0.000999000999000999
h3_chr3_108979737_108983832,h3,,,chr3,108979737,108983832,/gpfs/scratch/bty252/dna_foundation_model/figures/bp_jacobian_hyena_hg38/h3_chr3_108979737_108983832.npz,4095,4096,11,117,0.1838827838827839,positive,0.01,39824,50,0,0.035933107137680054,0.3169947862625122,0.03405805304646492,0.03288750723004341,0.0009060053853318095,1.0926065902877073,3.361569320607561,0.001998001998001998,0.02865106426179409,0.027814293280243874,0.02676401101052761,1.0705071168340279,2.3144326930888695,0.011988011988011988
h3_chr3_127665795_127669890,h3,,,chr3,127665795,127669890,/gpfs/scratch/bty252/dna_foundation_model/figures/bp_jacobian_hyena_hg38/h3_chr3_127665795_127669890.npz,4095,4096,11,74,0.11892551892551892,positive,0.01,39778,50,0,0.02596912905573845,0.24855448305606842,0.01427281741052866,0.01388277392834425,0.0005898670060560107,1.8706008748523717,20.489966387858182,0.000999000999000999,0.018703805282711983,0.009257031604647636,0.008939213119447231,2.0923324047417453,20.908552201578313,0.000999000999000999
h3_chr3_17001367_17005462,h3,,,chr3,17001367,17005462,/gpfs/scratch/bty252/dna_foundation_model/figures/bp_jacobian_hyena_hg38/h3_chr3_17001367_17005462.npz,4095,4096,11,134,0.20317460317460317,positive,0.01,39395,50,0,0.06000761687755585,0.4096458852291107,0.04148288443684578,0.04033153876662254,0.0009766144212335348,1.4878583538502819,20.14723281075554,0.000999000999000999,0.042695771902799606,0.029947100207209587,0.028961796313524246,1.47421007456164,16.461861062891007,0.000999000999000999
h3_chr7_120066194_120070289,h3,,,chr7,120066194,120070289,/gpfs/scratch/bty252/dna_foundation_model/figures/bp_jacobian_hyena_hg38/h3_chr7_120066194_120070289.npz,4095,4096,11,128,0.1938949938949939,positive,0.01,40583,50,0,0.04457531496882439,0.3370623290538788,0.038742877542972565,0.036828894168138504,0.0009211779106408358,1.2103354166790998,8.40925592244926,0.000999000999000999,0.03669023886322975,0.03076056018471718,0.029097946360707283,1.2609219361533637,8.807736706089967,0.000999000999000999
h3_chr7_137924469_137928564,h3,,,chr7,137924469,137928564,/gpfs/scratch/bty252/dna_foundation_model/figures/bp_jacobian_hyena_hg38/h3_chr7_137924469_137928564.npz,4095,4096,11,103,0.16117216117216118,positive,0.01,40249,50,0,0.03629903867840767,0.29056623578071594,0.026654668152332306,0.02631031721830368,0.0007381937466561794,1.3796503621459566,13.531300563504134,0.000999000999000999,0.02782677859067917,0.019339678809046745,0.018858158960938454,1.4755829902758653,13.67955650027851,0.000999000999000999
h3_chr7_4391321_4395416,h3,,,chr7,4391321,4395416,/gpfs/scratch/bty252/dna_foundation_model/figures/bp_jacobian_hyena_hg38/h3_chr7_4391321_4395416.npz,4095,4096,11,143,0.2144078144078144,positive,0.01,40037,50,0,0.12855608761310577,0.4890226423740387,0.04556915536522865,0.04855026677250862,0.0010779865551739931,2.647896626716377,74.2178280949745,0.000999000999000999,0.1034792810678482,0.026478435844182968,0.02877141162753105,3.596600764935357,92.42575324705345,0.000999000999000999
h3_chrX_127567034_127571129,h3,,,chrX,127567034,127571129,/gpfs/scratch/bty252/dna_foundation_model/figures/bp_jacobian_hyena_hg38/h3_chrX_127567034_127571129.npz,4095,4096,11,190,0.25347985347985347,positive,0.01,39834,50,0,0.0386604405939579,0.32572677731513977,0.06501355022192001,0.0647561177611351,0.0012979978928342462,0.5970160338605238,-20.104560501401068,1.0,0.032886479049921036,0.04207710549235344,0.04137934744358063,0.794755864498846,-8.447134132319768,1.0
h3_chrX_130740848_130744943,h3,,,chrX,130740848,130744943,/gpfs/scratch/bty252/dna_foundation_model/figures/bp_jacobian_hyena_hg38/h3_chrX_130740848_130744943.npz,4095,4096,11,134,0.20683760683760682,positive,0.01,40707,50,0,0.031100302934646606,0.2831699848175049,0.04452687129378319,0.04273908585309982,0.00099728733766824,0.727678243787026,-11.670440883833823,1.0,0.021765299141407013,0.03326133266091347,0.0319707915186882,0.6807869967399565,-12.149155007810759,1.0
h3_chrX_83970161_83974256,h3,,,chrX,83970161,83974256,/gpfs/scratch/bty252/dna_foundation_model/figures/bp_jacobian_hyena_hg38/h3_chrX_83970161_83974256.npz,4095,4096,11,130,0.20122100122100123,positive,0.01,40155,50,0,0.04950815439224243,0.3515128791332245,0.041351258754730225,0.04042064771056175,0.0010034646838903427,1.2248233810292493,9.056130053774519,0.000999000999000999,0.03414269536733627,0.02710902690887451,0.026167025789618492,1.304798475831443,10.180849615742863,0.000999000999000999
h4_chr10_110104373_110108468,h4,,,chr10,110104373,110108468,/gpfs/scratch/bty252/dna_foundation_model/figures/bp_jacobian_hyena_hg38/h4_chr10_110104373_110108468.npz,4095,4096,11,150,0.21172161172161172,positive,0.01,40780,50,0,0.06400196254253387,0.42476704716682434,0.045481063425540924,0.04432069510221481,0.0009744682465679944,1.4440649541919197,20.196930489664535,0.000999000999000999,0.05004904419183731,0.03415947034955025,0.03315998241305351,1.5093205891489065,18.62116308003281,0.000999000999000999
h4_chr10_19287595_19291690,h4,,,chr10,19287595,19291690,/gpfs/scratch/bty252/dna_foundation_model/figures/bp_jacobian_hyena_hg38/h4_chr10_19287595_19291690.npz,4095,4096,11,130,0.20732600732600734,positive,0.01,40810,50,0,0.10877235978841782,0.5007596015930176,0.04562897980213165,0.04243594780564308,0.001043881755322218,2.563212686720135,63.547822006237176,0.000999000999000999,0.08632688224315643,0.03698355704545975,0.03442391753196716,2.5077588035408955,58.81381204839811,0.000999000999000999
h4_chr10_4663039_4667134,h4,,,chr10,4663039,4667134,/gpfs/scratch/bty252/dna_foundation_model/figures/bp_jacobian_hyena_hg38/h4_chr10_4663039_4667134.npz,4095,4096,11,147,0.2222222222222222,positive,0.01,40158,50,0,0.05550575256347656,0.3887394666671753,0.05101519078016281,0.0497530996799469,0.0010836822912096977,1.1156240097709587,5.308431198140246,0.000999000999000999,0.038896359503269196,0.03373396769165993,0.03258262202143669,1.1937762245677646,7.223704638229995,0.000999000999000999
h4_chr1_117801428_117805523,h4,,,chr1,117801428,117805523,/gpfs/scratch/bty252/dna_foundation_model/figures/bp_jacobian_hyena_hg38/h4_chr1_117801428_117805523.npz,4095,4096,11,124,0.19023199023199022,positive,0.01,40804,50,0,0.04426036775112152,0.3481276333332062,0.03744685277342796,0.03592488542199135,0.0009310098830610514,1.2320253003236477,8.953162024149607,0.000999000999000999,0.034261345863342285,0.027591746300458908,0.026460371911525726,1.2948172451203748,9.71571518495892,0.000999000999000999
h4_chr1_188000709_188004804,h4,,,chr1,188000709,188004804,/gpfs/scratch/bty252/dna_foundation_model/figures/bp_jacobian_hyena_hg38/h4_chr1_188000709_188004804.npz,4095,4096,11,145,0.22075702075702075,positive,0.01,40354,50,0,0.05910194665193558,0.4016454517841339,0.04903869703412056,0.047836001962423325,0.0010864573996514082,1.2355118368454372,10.36943067728836,0.000999000999000999,0.05159339681267738,0.03624022752046585,0.035221487283706665,1.464827319672679,18.725551855576636,0.000999000999000999
h4_chr1_236620149_236624244,h4,,,chr1,236620149,236624244,/gpfs/scratch/bty252/dna_foundation_model/figures/bp_jacobian_hyena_hg38/h4_chr1_236620149_236624244.npz,4095,4096,11,119,0.18437118437118438,positive,0.01,40821,50,0,0.05132162198424339,0.3627054691314697,0.03491629287600517,0.03374047949910164,0.0008876161300577223,1.5210697282950547,19.807146231106053,0.000999000999000999,0.03716224431991577,0.024956902489066124,0.023948581889271736,1.551751351781016,17.488771382354035,0.000999000999000999
h4_chr14_101543080_101547175,h4,,,chr14,101543080,101547175,/gpfs/scratch/bty252/dna_foundation_model/figures/bp_jacobian_hyena_hg38/h4_chr14_101543080_101547175.npz,4095,4096,11,95,0.14334554334554334,positive,0.01,40033,50,0,0.04523767903447151,0.3646491765975952,0.020810211077332497,0.02020912803709507,0.0006940041785128415,2.2384775311153966,36.06397738268564,0.000999000999000999,0.035770490765571594,0.012578550726175308,0.011766067706048489,3.040139803647683,44.68511487437674,0.000999000999000999
h4_chr14_26677340_26681435,h4,,,chr14,26677340,26681435,/gpfs/scratch/bty252/dna_foundation_model/figures/bp_jacobian_hyena_hg38/h4_chr14_26677340_26681435.npz,4095,4096,11,133,0.20537240537240536,positive,0.01,40542,50,0,0.06304573267698288,0.3942578136920929,0.04364873468875885,0.04169502854347229,0.0009681624360382557,1.5120683419427283,22.052811944324336,0.000999000999000999,0.05123082175850868,0.0312237236648798,0.029727887362241745,1.7233253454659694,26.453356125769044,0.000999000999000999
h4_chr14_33378322_33382417,h4,,,chr14,33378322,33382417,/gpfs/scratch/bty252/dna_foundation_model/figures/bp_jacobian_hyena_hg38/h4_chr14_33378322_33382417.npz,4095,4096,11,140,0.21733821733821734,positive,0.01,40872,50,0,0.10183010250329971,0.5108386874198914,0.04791799560189247,0.04659850150346756,0.001020269119180739,2.1852656033525495,54.13434549913881,0.000999000999000999,0.07158935070037842,0.0357234962284565,0.034330498427152634,2.0852989027318363,41.6664008470989,0.000999000999000999
h4_chr17_22742263_22746358,h4,,,chr17,22742263,22746358,/gpfs/scratch/bty252/dna_foundation_model/figures/bp_jacobian_hyena_hg38/h4_chr17_22742263_22746358.npz,4095,4096,11,77,0.12405372405372406,positive,0.01,40706,50,0,0.03783226013183594,0.3232201635837555,0.015181333757936954,0.015316513366997242,0.000599659513682127,2.47003082394416,37.547551987600166,0.000999000999000999,0.036407407373189926,0.012226480059325695,0.01226109080016613,2.9693448948846077,44.32570797836022,0.000999000999000999
h4_chr17_35243344_35247439,h4,,,chr17,35243344,35247439,/gpfs/scratch/bty252/dna_foundation_model/figures/bp_jacobian_hyena_hg38/h4_chr17_35243344_35247439.npz,4095,4096,11,104,0.16312576312576313,positive,0.01,40584,50,0,0.030233589932322502,0.2963729500770569,0.02699737809598446,0.02657764032483101,0.0008206187631003559,1.1375573437975908,4.45511335090494,0.000999000999000999,0.025995466858148575,0.018663709983229637,0.01795106567442417,1.4481294497844597,12.024833488195323,0.000999000999000999
h4_chr17_72349260_72353355,h4,,,chr17,72349260,72353355,/gpfs/scratch/bty252/dna_foundation_model/figures/bp_jacobian_hyena_hg38/h4_chr17_72349260_72353355.npz,4095,4096,11,92,0.1452991452991453,positive,0.01,40509,50,0,0.04026265814900398,0.34715741872787476,0.021604184061288834,0.020906269550323486,0.0007206458831205964,1.9258652554960956,26.859778224031434,0.000999000999000999,0.028907155618071556,0.014376374892890453,0.013783727772533894,2.097194321820061,26.282363747084162,0.000999000999000999
h4_chr21_12003041_12007136,h4,,,chr21,12003041,12007136,/gpfs/scratch/bty252/dna_foundation_model/figures/bp_jacobian_hyena_hg38/h4_chr21_12003041_12007136.npz,4095,4096,11,51,0.08156288156288156,positive,0.01,40915,50,0,0.010436270385980606,0.1573750525712967,0.006518675945699215,0.0064461687579751015,0.00038387332460843027,1.6189880807990036,10.394318573908738,0.000999000999000999,0.008896492421627045,0.005014084279537201,0.004989319015294313,1.7831075532263299,10.961106000897141,0.000999000999000999
h4_chr21_19112010_19116105,h4,,,chr21,19112010,19116105,/gpfs/scratch/bty252/dna_foundation_model/figures/bp_jacobian_hyena_hg38/h4_chr21_19112010_19116105.npz,4095,4096,11,148,0.231990231990232,positive,0.01,40431,50,0,0.07160346955060959,0.44307586550712585,0.05458856746554375,0.05318361893296242,0.0011231120442971587,1.3463444381410987,16.40072396265172,0.000999000999000999,0.06222947686910629,0.046717096120119095,0.045653410255908966,1.3630849594867203,16.034208153805164,0.000999000999000999
h4_chr21_38658585_38662680,h4,,,chr21,38658585,38662680,/gpfs/scratch/bty252/dna_foundation_model/figures/bp_jacobian_hyena_hg38/h4_chr21_38658585_38662680.npz,4095,4096,11,118,0.18046398046398046,positive,0.01,40445,50,0,0.05177401378750801,0.3611571192741394,0.03297281637787819,0.032068539410829544,0.0008860238012857735,1.614479946349659,22.24034427526938,0.000999000999000999,0.0402521938085556,0.0190743375569582,0.01836268976330757,2.192064143510596,31.767828362290896,0.000999000999000999
h4_chr3_108979737_108983832,h4,,,chr3,108979737,108983832,/gpfs/scratch/bty252/dna_foundation_model/figures/bp_jacobian_hyena_hg38/h4_chr3_108979737_108983832.npz,4095,4096,11,117,0.1838827838827839,positive,0.01,40714,50,0,0.028589675202965736,0.2867809534072876,0.03484172746539116,0.033325981348752975,0.0008985712192952633,0.8578794695879386,-5.270930165671071,1.0,0.024315960705280304,0.028456762433052063,0.027183597907423973,0.8945085484302097,-3.5422977206057773,1.0
h4_chr3_127665795_127669890,h4,,,chr3,127665795,127669890,/gpfs/scratch/bty252/dna_foundation_model/figures/bp_jacobian_hyena_hg38/h4_chr3_127665795_127669890.npz,4095,4096,11,74,0.11892551892551892,positive,0.01,40278,50,0,0.02457917481660843,0.25890064239501953,0.014492267742753029,0.013852003030478954,0.0005680215544998646,1.7744130406646732,18.885149165817495,0.000999000999000999,0.0183226577937603,0.009497981518507004,0.008895376697182655,2.0597956014120746,21.054632639236186,0.000999000999000999
h4_chr3_17001367_17005462,h4,,,chr3,17001367,17005462,/gpfs/scratch/bty252/dna_foundation_model/figures/bp_jacobian_hyena_hg38/h4_chr3_17001367_17005462.npz,4095,4096,11,134,0.20317460317460317,positive,0.01,40539,50,0,0.06482646614313126,0.41345369815826416,0.04216756299138069,0.040661636739969254,0.0009904380422085524,1.5942906223302282,24.398123227655383,0.000999000999000999,0.04790448769927025,0.03034708835184574,0.02929973602294922,1.6349801807684796,21.40431854978394,0.000999000999000999
h4_chr7_120066194_120070289,h4,,,chr7,120066194,120070289,/gpfs/scratch/bty252/dna_foundation_model/figures/bp_jacobian_hyena_hg38/h4_chr7_120066194_120070289.npz,4095,4096,11,128,0.1938949938949939,positive,0.01,40852,50,0,0.040414176881313324,0.33555272221565247,0.03899264335632324,0.03711668774485588,0.0009332855697721243,1.0888411476564057,3.5332048873985857,0.000999000999000999,0.03206697478890419,0.031026287004351616,0.029605675488710403,1.0831360629191642,2.961007233196826,0.002997002997002997
h4_chr7_137924469_137928564,h4,,,chr7,137924469,137928564,/gpfs/scratch/bty252/dna_foundation_model/figures/bp_jacobian_hyena_hg38/h4_chr7_137924469_137928564.npz,4095,4096,11,103,0.16117216117216118,positive,0.01,40891,50,0,0.03489765524864197,0.3023892641067505,0.027624651789665222,0.025881441310048103,0.0007679453119635582,1.3483659905406213,11.740697935300004,0.000999000999000999,0.027023062109947205,0.02000310644507408,0.01864224299788475,1.4495606624703576,12.578694805585103,0.000999000999000999
h4_chr7_4391321_4395416,h4,,,chr7,4391321,4395416,/gpfs/scratch/bty252/dna_foundation_model/figures/bp_jacobian_hyena_hg38/h4_chr7_4391321_4395416.npz,4095,4096,11,143,0.2144078144078144,positive,0.01,40648,50,0,0.11223184317350388,0.4639342725276947,0.047157734632492065,0.046922799199819565,0.0010720667196437716,2.391840322559773,60.9188241524607,0.000999000999000999,0.077789805829525,0.026695990934967995,0.02712623029947281,2.8676968738644386,64.93021815191904,0.000999000999000999
h4_chrX_127567034_127571129,h4,,,chrX,127567034,127571129,/gpfs/scratch/bty252/dna_foundation_model/figures/bp_jacobian_hyena_hg38/h4_chrX_127567034_127571129.npz,4095,4096,11,190,0.25347985347985347,positive,0.01,40509,50,0,0.07153965532779694,0.45066529512405396,0.06494765728712082,0.06459182500839233,0.00120913190767169,1.1075651650731633,5.746130984818171,0.000999000999000999,0.05230936408042908,0.04217102378606796,0.04142109304666519,1.2628677862628375,10.759939418237918,0.000999000999000999
h4_chrX_130740848_130744943,h4,,,chrX,130740848,130744943,/gpfs/scratch/bty252/dna_foundation_model/figures/bp_jacobian_hyena_hg38/h4_chrX_130740848_130744943.npz,4095,4096,11,134,0.20683760683760682,positive,0.01,40878,50,0,0.04090219736099243,0.32775574922561646,0.04397786036133766,0.04262598603963852,0.0010015761945396662,0.9595601453760363,-1.721075928165762,0.9500499500499501,0.0329272486269474,0.032900769263505936,0.03177560120820999,1.0362431354545025,1.2872640562657267,0.1028971028971029
h4_chrX_83970161_83974256,h4,,,chrX,83970161,83974256,/gpfs/scratch/bty252/dna_foundation_model/figures/bp_jacobian_hyena_hg38/h4_chrX_83970161_83974256.npz,4095,4096,11,130,0.20122100122100123,positive,0.01,40952,50,0,0.02888747863471508,0.2889724671840668,0.041610341519117355,0.040397536009550095,0.0009620959172025323,0.7150802125131096,-11.963523770376852,1.0,0.01748388446867466,0.02723337709903717,0.026138942688703537,0.6688826199626914,-11.003690300689167,1.0
h5_chr10_110104373_110108468,h5,,,chr10,110104373,110108468,/gpfs/scratch/bty252/dna_foundation_model/figures/bp_jacobian_hyena_hg38/h5_chr10_110104373_110108468.npz,4095,4096,11,150,0.21172161172161172,positive,0.01,40216,50,0,0.04789138585329056,0.37074795365333557,0.04505664110183716,0.04461398348212242,0.001048382488079369,1.07346132569582,3.126151388862208,0.001998001998001998,0.039039187133312225,0.033816974610090256,0.03306198865175247,1.1807876272815467,6.755905575011762,0.000999000999000999
h5_chr10_19287595_19291690,h5,,,chr10,19287595,19291690,/gpfs/scratch/bty252/dna_foundation_model/figures/bp_jacobian_hyena_hg38/h5_chr10_19287595_19291690.npz,4095,4096,11,130,0.20732600732600734,positive,0.01,40017,50,0,0.04782967269420624,0.35474923253059387,0.04474320262670517,0.04296978935599327,0.000999407609924674,1.1131000037712573,4.862763991340089,0.000999000999000999,0.040907613933086395,0.03636592626571655,0.03498915582895279,1.1691512116801688,6.630598783909501,0.000999000999000999
h5_chr10_4663039_4667134,h5,,,chr10,4663039,4667134,/gpfs/scratch/bty252/dna_foundation_model/figures/bp_jacobian_hyena_hg38/h5_chr10_4663039_4667134.npz,4095,4096,11,147,0.2222222222222222,positive,0.01,39226,50,0,0.06429409235715866,0.41518381237983704,0.04972485452890396,0.04982450604438782,0.001088752644136548,1.2904110338771875,13.290058481783225,0.000999000999000999,0.041936472058296204,0.032510872930288315,0.03277022764086723,1.2797125646450467,10.194622763711738,0.000999000999000999
h5_chr1_117801428_117805523,h5,,,chr1,117801428,117805523,/gpfs/scratch/bty252/dna_foundation_model/figures/bp_jacobian_hyena_hg38/h5_chr1_117801428_117805523.npz,4095,4096,11,124,0.19023199023199022,positive,0.01,39911,50,0,0.042895443737506866,0.3343689739704132,0.03708832710981369,0.03653721883893013,0.0009077469003386796,1.1740204947345936,7.004402764916618,0.000999000999000999,0.031119240447878838,0.027361050248146057,0.027192577719688416,1.1444020044244416,4.694473546368464,0.000999000999000999
h5_chr1_188000709_188004804,h5,,,chr1,188000709,188004804,/gpfs/scratch/bty252/dna_foundation_model/figures/bp_jacobian_hyena_hg38/h5_chr1_188000709_188004804.npz,4095,4096,11,145,0.22075702075702075,positive,0.01,40042,50,0,0.059237800538539886,0.4085460305213928,0.048505064100027084,0.04784601181745529,0.0010830927640199661,1.2380927539905973,10.517832912855278,0.000999000999000999,0.04937315732240677,0.035991769284009933,0.035244643688201904,1.4008698104368797,15.408579151170336,0.000999000999000999
h5_chr1_236620149_236624244,h5,,,chr1,236620149,236624244,/gpfs/scratch/bty252/dna_foundation_model/figures/bp_jacobian_hyena_hg38/h5_chr1_236620149_236624244.npz,4095,4096,11,119,0.18437118437118438,positive,0.01,39375,50,0,0.044774603098630905,0.34463492035865784,0.03461150452494621,0.033209092915058136,0.0008925069123506546,1.3482633570617213,12.958454465200631,0.000999000999000999,0.03522539511322975,0.024737486615777016,0.023721829056739807,1.4849358803224986,15.471252189701909,0.000999000999000999
h5_chr14_101543080_101547175,h5,,,chr14,101543080,101547175,/gpfs/scratch/bty252/dna_foundation_model/figures/bp_jacobian_hyena_hg38/h5_chr14_101543080_101547175.npz,4095,4096,11,95,0.14334554334554334,positive,0.01,40111,50,0,0.015781207010149956,0.20535513758659363,0.020638717338442802,0.020633617416024208,0.000705110258422792,0.764829874081806,-6.881775364789393,1.0,0.011867068707942963,0.01239858753979206,0.012096780352294445,0.9810105137349284,-0.4102718923932631,0.6663336663336663
h5_chr14_26677340_26681435,h5,,,chr14,26677340,26681435,/gpfs/scratch/bty252/dna_foundation_model/figures/bp_jacobian_hyena_hg38/h5_chr14_26677340_26681435.npz,4095,4096,11,133,0.20537240537240536,positive,0.01,39947,50,0,0.06078053265810013,0.37487170100212097,0.04340411722660065,0.042099807411432266,0.0010264990851283073,1.443724719785656,18.198482119770095,0.000999000999000999,0.05176859349012375,0.03123546577990055,0.03045990876853466,1.6995649554801404,24.37667134959961,0.000999000999000999
h5_chr14_33378322_33382417,h5,,,chr14,33378322,33382417,/gpfs/scratch/bty252/dna_foundation_model/figures/bp_jacobian_hyena_hg38/h5_chr14_33378322_33382417.npz,4095,4096,11,140,0.21733821733821734,positive,0.01,40415,50,0,0.05579611659049988,0.39334404468536377,0.04770591855049133,0.04650241509079933,0.0010196128860116005,1.199854168467464,9.114931389357517,0.000999000999000999,0.048422615975141525,0.03545919805765152,0.03408190235495567,1.4207720998326445,15.96691253406565,0.000999000999000999
h5_chr17_22742263_22746358,h5,,,chr17,22742263,22746358,/gpfs/scratch/bty252/dna_foundation_model/figures/bp_jacobian_hyena_hg38/h5_chr17_22742263_22746358.npz,4095,4096,11,77,0.12405372405372406,positive,0.01,40583,50,0,0.038291893899440765,0.22575955092906952,0.01569930836558342,0.015377103351056576,0.0006198459886945784,2.4901890183894544,36.96852277231591,0.000999000999000999,0.03479289263486862,0.01257457584142685,0.012416505254805088,2.802148585360124,41.43820714996225,0.000999000999000999
h5_chr17_35243344_35247439,h5,,,chr17,35243344,35247439,/gpfs/scratch/bty252/dna_foundation_model/figures/bp_jacobian_hyena_hg38/h5_chr17_35243344_35247439.npz,4095,4096,11,104,0.16312576312576313,positive,0.01,39255,50,0,0.02725767344236374,0.26819512248039246,0.02680673450231552,0.026906177401542664,0.0007952607702463865,1.0130637673117,0.4419884067865883,0.33966033966033965,0.021169276908040047,0.01831228844821453,0.018113259226083755,1.1687171614899385,4.680293979105104,0.000999000999000999
h5_chr17_72349260_72353355,h5,,,chr17,72349260,72353355,/gpfs/scratch/bty252/dna_foundation_model/figures/bp_jacobian_hyena_hg38/h5_chr17_72349260_72353355.npz,4095,4096,11,92,0.1452991452991453,positive,0.01,39609,50,0,0.023201797157526016,0.2590320408344269,0.021399246528744698,0.021660279482603073,0.0007166605209931731,1.0711679494330184,2.150973340608541,0.012987012987012988,0.018026206642389297,0.014060825109481812,0.014700168743729591,1.2262584842829398,5.499167294383787,0.000999000999000999
h5_chr21_12003041_12007136,h5,,,chr21,12003041,12007136,/gpfs/scratch/bty252/dna_foundation_model/figures/bp_jacobian_hyena_hg38/h5_chr21_12003041_12007136.npz,4095,4096,11,51,0.08156288156288156,positive,0.01,40050,50,0,0.019500624388456345,0.13590511679649353,0.007235144730657339,0.006407391279935837,0.00040204133256338537,3.0434577094613804,32.56688317352606,0.000999000999000999,0.01760299690067768,0.0055375308729708195,0.0049689882434904575,3.5425716540461134,35.48974250429497,0.000999000999000999
h5_chr21_19112010_19116105,h5,,,chr21,19112010,19116105,/gpfs/scratch/bty252/dna_foundation_model/figures/bp_jacobian_hyena_hg38/h5_chr21_19112010_19116105.npz,4095,4096,11,148,0.231990231990232,positive,0.01,39347,50,0,0.06445217877626419,0.399293452501297,0.054888319224119186,0.05332005023956299,0.0011370807187631726,1.2087794082467174,9.790095243906572,0.000999000999000999,0.058022212237119675,0.04723617807030678,0.04578143358230591,1.2673742977665232,11.771580430922906,0.000999000999000999
h5_chr21_38658585_38662680,h5,,,chr21,38658585,38662680,/gpfs/scratch/bty252/dna_foundation_model/figures/bp_jacobian_hyena_hg38/h5_chr21_38658585_38662680.npz,4095,4096,11,118,0.18046398046398046,positive,0.01,38762,50,0,0.04906867444515228,0.3691244125366211,0.0335877500474453,0.03230932354927063,0.0008777462644502521,1.5187156230715944,19.09361688526049,0.000999000999000999,0.03126773610711098,0.020169727504253387,0.018182499334216118,1.7196610615720387,20.157591045687788,0.000999000999000999
h5_chr3_108979737_108983832,h5,,,chr3,108979737,108983832,/gpfs/scratch/bty252/dna_foundation_model/figures/bp_jacobian_hyena_hg38/h5_chr3_108979737_108983832.npz,4095,4096,11,117,0.1838827838827839,positive,0.01,39366,50,0,0.035055629909038544,0.3120459318161011,0.0342189222574234,0.03293677046895027,0.0009004987659864128,1.0643311232376513,2.35298427951454,0.008991008991008992,0.0294924546033144,0.027918091043829918,0.026805516332387924,1.1002382583349073,3.5059909735325343,0.000999000999000999
h5_chr3_127665795_127669890,h5,,,chr3,127665795,127669890,/gpfs/scratch/bty252/dna_foundation_model/figures/bp_jacobian_hyena_hg38/h5_chr3_127665795_127669890.npz,4095,4096,11,74,0.11892551892551892,positive,0.01,39178,50,0,0.017611924558877945,0.19048956036567688,0.014587854966521263,0.014135356992483139,0.0006040739826858044,1.2459483384992374,5.7552016243729955,0.000999000999000999,0.013604573905467987,0.009424051269888878,0.00912629533559084,1.490700597033355,9.31783321086982,0.000999000999000999
h5_chr3_17001367_17005462,h5,,,chr3,17001367,17005462,/gpfs/scratch/bty252/dna_foundation_model/figures/bp_jacobian_hyena_hg38/h5_chr3_17001367_17005462.npz,4095,4096,11,134,0.20317460317460317,positive,0.01,39789,50,0,0.057025812566280365,0.4017190635204315,0.04091210663318634,0.04054250940680504,0.0009701286326162517,1.4065683994565126,16.99084286897399,0.000999000999000999,0.041242554783821106,0.02956329844892025,0.029010029509663582,1.4216653854172305,14.471430255580248,0.000999000999000999
h5_chr7_120066194_120070289,h5,,,chr7,120066194,120070289,/gpfs/scratch/bty252/dna_foundation_model/figures/bp_jacobian_hyena_hg38/h5_chr7_120066194_120070289.npz,4095,4096,11,128,0.1938949938949939,positive,0.01,39174,50,0,0.04717414453625679,0.3392811417579651,0.038896188139915466,0.03676857054233551,0.00098737224470824,1.2830018638320533,10.538653531825819,0.000999000999000999,0.038852300494909286,0.030884703621268272,0.02913968451321125,1.3333123245481455,11.557833577115165,0.000999000999000999
h5_chr7_137924469_137928564,h5,,,chr7,137924469,137928564,/gpfs/scratch/bty252/dna_foundation_model/figures/bp_jacobian_hyena_hg38/h5_chr7_137924469_137928564.npz,4095,4096,11,103,0.16117216117216118,positive,0.01,38777,50,0,0.021662326529622078,0.1791783720254898,0.027009010314941406,0.027419112622737885,0.0007959203794598579,0.7900447701454106,-7.232866806379028,1.0,0.01789720728993416,0.01962706819176674,0.019716041162610054,0.9077485252909101,-2.5467526371739173,0.994005994005994
h5_chr7_4391321_4395416,h5,,,chr7,4391321,4395416,/gpfs/scratch/bty252/dna_foundation_model/figures/bp_jacobian_hyena_hg38/h5_chr7_4391321_4395416.npz,4095,4096,11,143,0.2144078144078144,positive,0.01,38452,50,0,0.16623322665691376,0.5024706125259399,0.04562091454863548,0.04903271794319153,0.0010719482088461518,3.390251114562092,109.33411497545875,0.000999000999000999,0.11947362869977951,0.026556264609098434,0.030390720814466476,3.931253537195081,104.12084999277823,0.000999000999000999
h5_chrX_127567034_127571129,h5,,,chrX,127567034,127571129,/gpfs/scratch/bty252/dna_foundation_model/figures/bp_jacobian_hyena_hg38/h5_chrX_127567034_127571129.npz,4095,4096,11,190,0.25347985347985347,positive,0.01,39142,50,0,0.07030811160802841,0.43040722608566284,0.06455474346876144,0.06580338627099991,0.0012524231569841504,1.0684573483570674,3.5968077657362505,0.000999000999000999,0.05257779359817505,0.04167979210615158,0.0423252247273922,1.2422330640136579,10.030880738770472,0.000999000999000999
h5_chrX_130740848_130744943,h5,,,chrX,130740848,130744943,/gpfs/scratch/bty252/dna_foundation_model/figures/bp_jacobian_hyena_hg38/h5_chrX_130740848_130744943.npz,4095,4096,11,134,0.20683760683760682,positive,0.01,40531,50,0,0.05923860892653465,0.3841010630130768,0.043731044977903366,0.04252137616276741,0.0009960811585187912,1.3931489117326639,16.783002690891546,0.000999000999000999,0.042609360069036484,0.03266209363937378,0.03179798275232315,1.3400019869475355,12.712969493822879,0.000999000999000999
h5_chrX_83970161_83974256,h5,,,chrX,83970161,83974256,/gpfs/scratch/bty252/dna_foundation_model/figures/bp_jacobian_hyena_hg38/h5_chrX_83970161_83974256.npz,4095,4096,11,130,0.20122100122100123,positive,0.01,39718,50,0,0.051135506480932236,0.34530943632125854,0.041919153183698654,0.04028838500380516,0.0009840531274676323,1.2692369395323884,11.02290229496157,0.000999000999000999,0.03769071772694588,0.027470167726278305,0.026132535189390182,1.4422909011234517,14.997002307387241,0.000999000999000999
h6_chr10_110104373_110108468,h6,,,chr10,110104373,110108468,/gpfs/scratch/bty252/dna_foundation_model/figures/bp_jacobian_hyena_hg38/h6_chr10_110104373_110108468.npz,4095,4096,11,150,0.21172161172161172,positive,0.01,39476,50,0,0.049194447696208954,0.35766035318374634,0.04522863030433655,0.04443395510315895,0.001023389515466988,1.1071363686171516,4.651691776300559,0.000999000999000999,0.03868173062801361,0.033741869032382965,0.0331224761903286,1.1678393368219329,6.336949875154994,0.000999000999000999
h6_chr10_19287595_19291690,h6,,,chr10,19287595,19291690,/gpfs/scratch/bty252/dna_foundation_model/figures/bp_jacobian_hyena_hg38/h6_chr10_19287595_19291690.npz,4095,4096,11,130,0.20732600732600734,positive,0.01,39438,50,0,0.06166641414165497,0.38777321577072144,0.04430022090673447,0.04279616102576256,0.0010230496991425753,1.4409333141945335,18.44509913028438,0.000999000999000999,0.05400882288813591,0.036014705896377563,0.0347762294113636,1.5530384921629197,20.78447638900264,0.000999000999000999
h6_chr10_4663039_4667134,h6,,,chr10,4663039,4667134,/gpfs/scratch/bty252/dna_foundation_model/figures/bp_jacobian_hyena_hg38/h6_chr10_4663039_4667134.npz,4095,4096,11,147,0.2222222222222222,positive,0.01,39282,50,0,0.05511430278420448,0.36444172263145447,0.05039311572909355,0.0499560609459877,0.0011183376191183925,1.103255575810788,4.612419138938673,0.000999000999000999,0.039000049233436584,0.033107150346040726,0.03284573182463646,1.187370384732423,6.867959919003435,0.000999000999000999
h6_chr1_117801428_117805523,h6,,,chr1,117801428,117805523,/gpfs/scratch/bty252/dna_foundation_model/figures/bp_jacobian_hyena_hg38/h6_chr1_117801428_117805523.npz,4095,4096,11,124,0.19023199023199022,positive,0.01,40286,50,0,0.01682966761291027,0.21925731003284454,0.036797262728214264,0.03658382594585419,0.0009384456207044423,0.4600302778014247,-21.049870016033,1.0,0.014024723321199417,0.027033856138586998,0.02729414775967598,0.5138362789227426,-16.64100995780236,1.0
h6_chr1_188000709_188004804,h6,,,chr1,188000709,188004804,/gpfs/scratch/bty252/dna_foundation_model/figures/bp_jacobian_hyena_hg38/h6_chr1_188000709_188004804.npz,4095,4096,11,145,0.22075702075702075,positive,0.01,40270,50,0,0.07263471931219101,0.4138813018798828,0.04840041324496269,0.04748058319091797,0.0010646256851032376,1.5297773201337699,23.627211397622652,0.000999000999000999,0.05984603986144066,0.03584147244691849,0.034919045865535736,1.7138509480440092,28.26221618991064,0.000999000999000999
h6_chr1_236620149_236624244,h6,,,chr1,236620149,236624244,/gpfs/scratch/bty252/dna_foundation_model/figures/bp_jacobian_hyena_hg38/h6_chr1_236620149_236624244.npz,4095,4096,11,119,0.18437118437118438,positive,0.01,40005,50,0,0.015773028135299683,0.19692538678646088,0.034790169447660446,0.03294263407588005,0.000848502735607326,0.4788028819725859,-20.235180418470915,1.0,0.010548681020736694,0.02498238906264305,0.023514360189437866,0.4486059129720625,-17.457183758193953,1.0
h6_chr14_101543080_101547175,h6,,,chr14,101543080,101547175,/gpfs/scratch/bty252/dna_foundation_model/figures/bp_jacobian_hyena_hg38/h6_chr14_101543080_101547175.npz,4095,4096,11,95,0.14334554334554334,positive,0.01,40037,50,0,0.026325648650527,0.2709243893623352,0.020571725443005562,0.021846668794751167,0.0007407902157865465,1.2050188931711154,6.046218970400684,0.000999000999000999,0.018208157271146774,0.012426009401679039,0.012727577239274979,1.4306066998328422,10.00113314592026,0.000999000999000999
h6_chr14_26677340_26681435,h6,,,chr14,26677340,26681435,/gpfs/scratch/bty252/dna_foundation_model/figures/bp_jacobian_hyena_hg38/h6_chr14_26677340_26681435.npz,4095,4096,11,133,0.20537240537240536,positive,0.01,39654,50,0,0.047359660267829895,0.32985323667526245,0.043479446321725845,0.041712891310453415,0.0009714084444567561,1.1353722741334253,5.8129708359024415,0.000999000999000999,0.038079388439655304,0.03101239912211895,0.0299557913094759,1.271186197228236,9.444537449068802,0.000999000999000999
h6_chr14_33378322_33382417,h6,,,chr14,33378322,33382417,/gpfs/scratch/bty252/dna_foundation_model/figures/bp_jacobian_hyena_hg38/h6_chr14_33378322_33382417.npz,4095,4096,11,140,0.21733821733821734,positive,0.01,40313,50,0,0.04462580382823944,0.3460918366909027,0.047673020511865616,0.04676645249128342,0.0010310161160305142,0.9542268325047113,-2.076251408450943,0.987012987012987,0.03361198678612709,0.035282328724861145,0.0343836210668087,0.9775580856017958,-0.8753294145511645,0.8101898101898102
h6_chr17_22742263_22746358,h6,,,chr17,22742263,22746358,/gpfs/scratch/bty252/dna_foundation_model/figures/bp_jacobian_hyena_hg38/h6_chr17_22742263_22746358.npz,4095,4096,11,77,0.12405372405372406,positive,0.01,39958,50,0,0.02322438545525074,0.20371389389038086,0.015823526307940483,0.015446169301867485,0.0006139006582088768,1.5035692670054346,12.670154444983105,0.000999000999000999,0.019995994865894318,0.01268444862216711,0.012457855977118015,1.6050911892561601,14.207884272836862,0.000999000999000999
h6_chr17_35243344_35247439,h6,,,chr17,35243344,35247439,/gpfs/scratch/bty252/dna_foundation_model/figures/bp_jacobian_hyena_hg38/h6_chr17_35243344_35247439.npz,4095,4096,11,104,0.16312576312576313,positive,0.01,40374,50,0,0.01877445913851261,0.24315153062343597,0.02686069719493389,0.02707519754767418,0.0007791208336129785,0.6934191008377474,-10.653980808944569,1.0,0.01300341822206974,0.018465738743543625,0.0181867778301239,0.7149929659629626,-7.968026047600688,1.0
h6_chr17_72349260_72353355,h6,,,chr17,72349260,72353355,/gpfs/scratch/bty252/dna_foundation_model/figures/bp_jacobian_hyena_hg38/h6_chr17_72349260_72353355.npz,4095,4096,11,92,0.1452991452991453,positive,0.01,40733,50,0,0.022487908601760864,0.22394618391990662,0.02194283716380596,0.021171899512410164,0.0007174992351792753,1.0621582909261074,1.8341609646759842,0.030969030969030968,0.017283283174037933,0.014848362654447556,0.014193356968462467,1.217702282303,5.203320745011197,0.000999000999000999
h6_chr21_12003041_12007136,h6,,,chr21,12003041,12007136,/gpfs/scratch/bty252/dna_foundation_model/figures/bp_jacobian_hyena_hg38/h6_chr21_12003041_12007136.npz,4095,4096,11,51,0.08156288156288156,positive,0.01,39532,50,0,0.010143681429326534,0.08309723436832428,0.007547050714492798,0.006481129676103592,0.00040201726369559765,1.5651100867071128,9.11043401359047,0.000999000999000999,0.009157138876616955,0.005740159656852484,0.005029748193919659,1.82059588742172,11.601213457453893,0.000999000999000999
h6_chr21_19112010_19116105,h6,,,chr21,19112010,19116105,/gpfs/scratch/bty252/dna_foundation_model/figures/bp_jacobian_hyena_hg38/h6_chr21_19112010_19116105.npz,4095,4096,11,148,0.231990231990232,positive,0.01,39670,50,0,0.06712881475687027,0.3973531723022461,0.05510804057121277,0.053187090903520584,0.0011197233106940985,1.2621260839145998,12.451043682128432,0.000999000999000999,0.061482228338718414,0.0474916510283947,0.04561038315296173,1.3479875433742337,15.158496764182047,0.000999000999000999
h6_chr21_38658585_38662680,h6,,,chr21,38658585,38662680,/gpfs/scratch/bty252/dna_foundation_model/figures/bp_jacobian_hyena_hg38/h6_chr21_38658585_38662680.npz,4095,4096,11,118,0.18046398046398046,positive,0.01,39528,50,0,0.02132665365934372,0.26431897282600403,0.03300709277391434,0.032411303371191025,0.0008871951722539961,0.6580004949230163,-12.494037454786632,1.0,0.013357619754970074,0.01833212934434414,0.017339732497930527,0.7703475100647768,-6.378019662247008,1.0
h6_chr3_108979737_108983832,h6,,,chr3,108979737,108983832,/gpfs/scratch/bty252/dna_foundation_model/figures/bp_jacobian_hyena_hg38/h6_chr3_108979737_108983832.npz,4095,4096,11,117,0.1838827838827839,positive,0.01,40687,50,0,0.018040159717202187,0.2307370901107788,0.0343981608748436,0.03306958079338074,0.0008988717454485595,0.5455212701339455,-16.720317611806223,1.0,0.01469756942242384,0.0281760785728693,0.026913611218333244,0.5461017216601547,-14.727541534235517,1.0
h6_chr3_127665795_127669890,h6,,,chr3,127665795,127669890,/gpfs/scratch/bty252/dna_foundation_model/figures/bp_jacobian_hyena_hg38/h6_chr3_127665795_127669890.npz,4095,4096,11,74,0.11892551892551892,positive,0.01,39780,50,0,0.010130719281733036,0.15304173529148102,0.014366788789629936,0.013977275229990482,0.0005850109737366438,0.7247992985067616,-6.575185972475556,1.0,0.008169935084879398,0.009252904914319515,0.009009955450892448,0.9067675339138502,-1.7182185982235416,0.97002997002997
h6_chr3_17001367_17005462,h6,,,chr3,17001367,17005462,/gpfs/scratch/bty252/dna_foundation_model/figures/bp_jacobian_hyena_hg38/h6_chr3_17001367_17005462.npz,4095,4096,11,134,0.20317460317460317,positive,0.01,39731,50,0,0.060582417994737625,0.3912813663482666,0.041740357875823975,0.040618207305669785,0.00099922064691782,1.4915089072944165,19.979781993745952,0.000999000999000999,0.0463869534432888,0.030011076480150223,0.029090432450175285,1.594577651010798,19.988614872493798,0.000999000999000999
h6_chr7_120066194_120070289,h6,,,chr7,120066194,120070289,/gpfs/scratch/bty252/dna_foundation_model/figures/bp_jacobian_hyena_hg38/h6_chr7_120066194_120070289.npz,4095,4096,11,128,0.1938949938949939,positive,0.01,39761,50,0,0.04255426302552223,0.32189834117889404,0.03882814571261406,0.03668630123138428,0.000910335045773536,1.159949670508567,6.445936385050178,0.000999000999000999,0.03719725459814072,0.030706536024808884,0.028897136449813843,1.287229780111321,10.14473579460749,0.000999000999000999
h6_chr7_137924469_137928564,h6,,,chr7,137924469,137928564,/gpfs/scratch/bty252/dna_foundation_model/figures/bp_jacobian_hyena_hg38/h6_chr7_137924469_137928564.npz,4095,4096,11,103,0.16117216117216118,positive,0.01,40041,50,0,0.019554955884814262,0.22539396584033966,0.026791563257575035,0.026822682470083237,0.000800770940259099,0.7290454974674865,-9.075911999150986,1.0,0.01628330908715725,0.01955440640449524,0.01936974562704563,0.8406568367331141,-4.537251108073607,1.0
h6_chr7_4391321_4395416,h6,,,chr7,4391321,4395416,/gpfs/scratch/bty252/dna_foundation_model/figures/bp_jacobian_hyena_hg38/h6_chr7_4391321_4395416.npz,4095,4096,11,143,0.2144078144078144,positive,0.01,38963,50,0,0.12414342164993286,0.4312809705734253,0.04679682105779648,0.049432821571826935,0.0011514443904161453,2.511356173945075,64.88424512720466,0.000999000999000999,0.10127557069063187,0.02713852748274803,0.029713241383433342,3.408432267073299,84.8962823782228,0.000999000999000999
h6_chrX_127567034_127571129,h6,,,chrX,127567034,127571129,/gpfs/scratch/bty252/dna_foundation_model/figures/bp_jacobian_hyena_hg38/h6_chrX_127567034_127571129.npz,4095,4096,11,190,0.25347985347985347,positive,0.01,39328,50,0,0.06285598129034042,0.39836758375167847,0.06441293656826019,0.06625325232744217,0.0012959091691300273,0.9487229544549529,-2.621534840580231,0.994005994005994,0.04920158535242081,0.04201175272464752,0.042358651757240295,1.1615474834845483,6.621420041650037,0.000999000999000999
h6_chrX_130740848_130744943,h6,,,chrX,130740848,130744943,/gpfs/scratch/bty252/dna_foundation_model/figures/bp_jacobian_hyena_hg38/h6_chrX_130740848_130744943.npz,4095,4096,11,134,0.20683760683760682,positive,0.01,40532,50,0,0.02716372162103653,0.26176849007606506,0.04473782703280449,0.04269157350063324,0.0009940937161445618,0.6362782955431149,-15.62010867528574,1.0,0.017517022788524628,0.03331867977976799,0.0319976806640625,0.5474466406622556,-15.990227015814574,1.0
h6_chrX_83970161_83974256,h6,,,chrX,83970161,83974256,/gpfs/scratch/bty252/dna_foundation_model/figures/bp_jacobian_hyena_hg38/h6_chrX_83970161_83974256.npz,4095,4096,11,130,0.20122100122100123,positive,0.01,40075,50,0,0.03363693132996559,0.296469122171402,0.04194417968392372,0.040522847324609756,0.0009520665626041591,0.8300732438793286,-7.232599342433922,1.0,0.0220586396753788,0.02767590619623661,0.026260536164045334,0.8399919764616395,-5.177723776434439,1.0
