label,model_variant,epi_label,sample_index,chrom,window_start_1based,window_end_1based,group,group_position_fraction,top_group_pair_fraction,all_group_pair_fraction,group_background_mean,group_pair_enrichment,group_pair_z,group_pair_empirical_p,top_group_same_motif_fraction,all_group_same_motif_fraction,group_same_motif_background_mean,group_same_motif_enrichment,group_same_motif_z,group_same_motif_empirical_p
h0_chr10_110104373_110108468,h0,,,chr10,110104373,110108468,promoter,0.1907203907203907,0.031808435916900635,0.036189183592796326,0.03594651818275452,0.8848822507700025,-4.454034425367274,1.0,0.03058306872844696,0.03301801159977913,0.032782167196273804,0.932917843574515,-2.4283096288526207,0.997002997002997
h0_chr10_110104373_110108468,h0,,,chr10,110104373,110108468,tfbs,0.033455433455433455,0.002399673219770193,0.001053568092174828,0.0011005820706486702,2.1803673562988846,7.653978891060033,0.000999000999000999,0.000995609094388783,0.0004582395777106285,0.0004992086323909461,1.9943747559419,4.461578885896836,0.000999000999000999
h0_chr10_19287595_19291690,h0,,,chr10,19287595,19291690,promoter,0.19242979242979244,0.04044165462255478,0.037533074617385864,0.03697153925895691,1.0938590990029495,3.636318876715599,0.000999000999000999,0.03690008074045181,0.03517243266105652,0.03477555140852928,1.0610926138011274,2.253700571317357,0.013986013986013986
h0_chr10_19287595_19291690,h0,,,chr10,19287595,19291690,tfbs,0.01733821733821734,0.00018228692351840436,0.0002752566069830209,0.00026913362671621144,0.6773100996057145,-1.0548953687942886,0.8831168831168831,7.812296826159582e-05,8.749878907110542e-05,8.244576747529209e-05,0.9475679668456994,-0.094549661683795,0.5964035964035964
h0_chr10_4663039_4667134,h0,,,chr10,4663039,4667134,promoter,0.189010989010989,0.03936764597892761,0.03557046875357628,0.03516640141606331,1.1194675711386624,4.419321794752006,0.000999000999000999,0.03470642864704132,0.031483788043260574,0.03109356202185154,1.1161933979339766,3.8488032378063712,0.000999000999000999
h0_chr10_4663039_4667134,h0,,,chr10,4663039,4667134,tfbs,0.045177045177045176,0.003734591417014599,0.0019363579340279102,0.00194426195230335,1.9208272900625667,7.468930668780113,0.000999000999000999,0.0011231853859499097,0.0007328732754103839,0.0007693538791500032,1.459907353935521,2.3470882441122294,0.014985014985014986
h0_chr1_117801428_117805523,h0,,,chr1,117801428,117805523,promoter,0.1702075702075702,0.027723848819732666,0.029348915442824364,0.029151715338230133,0.9510194682566437,-1.6516791261342325,0.952047952047952,0.026222463697195053,0.026839299127459526,0.026697780936956406,0.9821963765121994,-0.5848491622096315,0.7382617382617382
h0_chr1_117801428_117805523,h0,,,chr1,117801428,117805523,tfbs,0.027594627594627594,0.0008024643175303936,0.0007240222184918821,0.0007088089478202164,1.1321306256053811,0.6878518041453345,0.26973026973026976,0.000440061092376709,0.00030803948175162077,0.0002994227397721261,1.4696983025124106,1.5930215308417968,0.07392607392607392
h0_chr1_188000709_188004804,h0,,,chr1,188000709,188004804,promoter,0.1956043956043956,0.04300274699926376,0.03770546242594719,0.037558648735284805,1.1449492579551843,5.598198212434048,0.000999000999000999,0.03904906287789345,0.035024117678403854,0.03499360755085945,1.1158913187541417,4.54153614859736,0.000999000999000999
h0_chr1_188000709_188004804,h0,,,chr1,188000709,188004804,tfbs,0.028815628815628817,0.0005134656094014645,0.0007219403050839901,0.0007038587355054915,0.7295009403168208,-1.4297824331832123,0.949050949050949,0.00020538625540211797,0.0004369638627395034,0.00040029778028838336,0.5130836729950218,-1.8930642457585358,0.988011988011988
h0_chr1_236620149_236624244,h0,,,chr1,236620149,236624244,promoter,0.16092796092796094,0.017773432657122612,0.025880513712763786,0.026291919872164726,0.6760036065658087,-10.722281926203145,1.0,0.016595222055912018,0.023957757279276848,0.024421975016593933,0.6795200652132396,-10.287364481734082,1.0
h0_chr1_236620149_236624244,h0,,,chr1,236620149,236624244,tfbs,0.02735042735042735,0.0002506831078790128,0.0007004151120781898,0.0007491664728149772,0.3346160259108718,-3.53047520480158,1.0,7.520493090851232e-05,0.00026271832757629454,0.000252588331932202,0.29773715330880096,-2.2060619359719267,0.999000999000999
h0_chr14_101543080_101547175,h0,,,chr14,101543080,101547175,promoter,0.12112332112332112,0.020046023651957512,0.014506667852401733,0.015004577115178108,1.3359939102635323,8.183060269854302,0.000999000999000999,0.017207875847816467,0.011788202449679375,0.012348043732345104,1.3935710158477386,8.618121104989484,0.000999000999000999
h0_chr14_101543080_101547175,h0,,,chr14,101543080,101547175,tfbs,0.029304029304029304,0.0007670672493986785,0.0008054146310314536,0.0009306826395913959,0.8241985149045538,-1.0882743378464013,0.8901098901098901,0.00020455126650631428,0.00019355519907549024,0.00022050626284908503,0.9276437950712975,-0.21816813180756248,0.6413586413586414
h0_chr14_26677340_26681435,h0,,,chr14,26677340,26681435,promoter,0.17606837606837608,0.02222222276031971,0.03122316114604473,0.03003513626754284,0.7398742114026606,-8.532152732367726,1.0,0.02139611728489399,0.029803913086652756,0.028629768639802933,0.7473381134888998,-8.224194248810212,1.0
h0_chr14_26677340_26681435,h0,,,chr14,26677340,26681435,tfbs,0.03467643467643468,0.0003304419806227088,0.0011562705039978027,0.0010934874881058931,0.30219091138856163,-4.337535751769886,1.0,5.507366222445853e-05,0.00039295025635510683,0.0003501308092381805,0.15729453327540233,-3.051261271801995,1.0
h0_chr14_33378322_33382417,h0,,,chr14,33378322,33382417,promoter,0.18803418803418803,0.032736584544181824,0.03570790961384773,0.0349099263548851,0.93774430262013,-2.4065375178438795,0.995004995004995,0.031722284853458405,0.034910671412944794,0.03401491045951843,0.9325993931752808,-2.491094435652464,0.993006993006993
h0_chr14_33378322_33382417,h0,,,chr14,33378322,33382417,tfbs,0.032722832722832725,0.0008621563902124763,0.0010056780884042382,0.0009608986438252032,0.8972396784538609,-0.6310862172136812,0.7662337662337663,0.0003550055844243616,0.00030327559215947986,0.00027414035866968334,1.2949774566105177,1.016653623887724,0.1938061938061938
h0_chr17_22742263_22746358,h0,,,chr17,22742263,22746358,promoter,0.11330891330891331,0.01334763690829277,0.01311571430414915,0.012903797440230846,1.0343960349748007,0.7653503856761285,0.22977022977022976,0.013272791169583797,0.012526917271316051,0.012366448529064655,1.0732904550881346,1.6021510664888379,0.054945054945054944
h0_chr17_22742263_22746358,h0,,,chr17,22742263,22746358,tfbs,0.011965811965811967,0.0002993862726725638,0.00012349778262432665,0.00012060275912517682,2.482416445894267,3.2318506940270297,0.004995004995004995,0.0001496931363362819,5.5885866458993405e-05,4.675415038946085e-05,3.20170797863595,3.0889918055998598,0.007992007992007992
h0_chr17_35243344_35247439,h0,,,chr17,35243344,35247439,promoter,0.14407814407814407,0.02334912307560444,0.020710930228233337,0.020638788118958473,1.1313223887480242,3.6762849335574534,0.000999000999000999,0.021304134279489517,0.01791963540017605,0.017934974282979965,1.1878541860919665,4.971266883702195,0.000999000999000999
h0_chr17_35243344_35247439,h0,,,chr17,35243344,35247439,tfbs,0.022222222222222223,0.00018120162712875754,0.00048795249313116074,0.0005053196218796074,0.35858814754660145,-2.789371288681122,1.0,0.00010354378900956362,0.00012037024134770036,0.00011304393410682678,0.9159605937963421,-0.18190825829693724,0.6523476523476524
h0_chr17_72349260_72353355,h0,,,chr17,72349260,72353355,promoter,0.12405372405372406,0.011712534353137016,0.01560860313475132,0.015330558642745018,0.7639991879017284,-5.693023156981143,1.0,0.010434328578412533,0.013945904560387135,0.013742559589445591,0.7592711176181612,-5.716761721428476,1.0
h0_chr17_72349260_72353355,h0,,,chr17,72349260,72353355,tfbs,0.025885225885225887,0.000547802250366658,0.0006443152669817209,0.0006244945689104497,0.8771929775504754,-0.6113019484274123,0.7552447552447552,0.00018260075012221932,0.00017268692317884415,0.00015541931497864425,1.1748909725107848,0.4220238457004107,0.3936063936063936
h0_chr21_12003041_12007136,h0,,,chr21,12003041,12007136,promoter,0.07277167277167278,0.006911551579833031,0.005232939962297678,0.005165055859833956,1.338136850286692,5.165607935644947,0.000999000999000999,0.006331561133265495,0.005054593551903963,0.004990309942513704,1.2687711196704106,3.7495008534714076,0.000999000999000999
h0_chr21_12003041_12007136,h0,,,chr21,12003041,12007136,tfbs,0.008791208791208791,0.0002899951650761068,6.766524165868759e-05,6.517641304526478e-05,4.449388229982927,5.801707736864207,0.000999000999000999,0.0002899951650761068,6.766524165868759e-05,6.273562030401081e-05,4.622496177941941,5.480067625537273,0.000999000999000999
h0_chr21_19112010_19116105,h0,,,chr21,19112010,19116105,promoter,0.21636141636141637,0.050899408757686615,0.04625505581498146,0.04680062457919121,1.0875796897017873,3.851948452056281,0.000999000999000999,0.049442268908023834,0.04544131085276604,0.045861899852752686,1.0780684853171483,3.44370179902531,0.000999000999000999
h0_chr21_19112010_19116105,h0,,,chr21,19112010,19116105,tfbs,0.021001221001221003,0.0005275851581245661,0.00042031321208924055,0.00039794997428543866,1.3257574876638731,1.3734676100158647,0.12287712287712288,0.00040196964982897043,0.0003180612693540752,0.0002784644311759621,1.4435224209118658,1.491139740006743,0.0999000999000999
h0_chr21_38658585_38662680,h0,,,chr21,38658585,38662680,promoter,0.16043956043956045,0.0272282175719738,0.02549680322408676,0.02533123455941677,1.0748871125135049,2.397715726890753,0.005994005994005994,0.01681155152618885,0.017995143309235573,0.01746055670082569,0.9628302129332366,-1.016449048935091,0.8461538461538461
h0_chr21_38658585_38662680,h0,,,chr21,38658585,38662680,tfbs,0.024175824175824177,0.00032474022009409964,0.0005515522789210081,0.0005751648568548262,0.5646037239998919,-2.0592389967925073,0.988011988011988,9.99200638034381e-05,0.00010316625412087888,0.0001283473102375865,0.7785131111705722,-0.49306312490085447,0.7432567432567433
h0_chr3_108979737_108983832,h0,,,chr3,108979737,108983832,promoter,0.16776556776556775,0.024529632180929184,0.027853989973664284,0.0275206808000803,0.891316328949886,-3.658296846468403,1.0,0.02392943762242794,0.027178902179002762,0.026903683319687843,0.8894483828880271,-3.5938948210214474,1.0
h0_chr3_108979737_108983832,h0,,,chr3,108979737,108983832,tfbs,0.0231990231990232,0.001435244339518249,0.0004937253543175757,0.0004895487800240517,2.9317698216870953,8.018091249324193,0.000999000999000999,0.00033923957380466163,0.00017275167920161039,0.00016293938097078353,2.081998665905637,2.807584976598934,0.012987012987012988
h0_chr3_127665795_127669890,h0,,,chr3,127665795,127669890,promoter,0.10378510378510379,0.013368038460612297,0.010622737929224968,0.010675705038011074,1.2521925636775382,5.180163175253806,0.000999000999000999,0.011068432591855526,0.008847227320075035,0.008816360495984554,1.2554423786205982,4.698871271734841,0.000999000999000999
h0_chr3_127665795_127669890,h0,,,chr3,127665795,127669890,tfbs,0.018315018315018316,0.00015162235649768263,0.00030198332387953997,0.00029637120314873755,0.5115961162447658,-1.6542199086983675,0.964035964035964,0.0001010815758490935,7.581171666970477e-05,7.356211426667869e-05,1.374098295797355,0.6502125903879834,0.33266733266733267
h0_chr3_17001367_17005462,h0,,,chr3,17001367,17005462,promoter,0.17216117216117216,0.026903189718723297,0.029067374765872955,0.029019221663475037,0.9270817126217042,-2.622973000078935,0.997002997002997,0.026621615514159203,0.028479915112257004,0.02838168665766716,0.9379856748917886,-2.1507457067475966,0.986013986013986
h0_chr3_17001367_17005462,h0,,,chr3,17001367,17005462,tfbs,0.04151404151404151,0.0014846669510006905,0.0016886598896235228,0.0018562431214377284,0.7998235435080085,-1.7076488927626494,0.967032967032967,0.0007423334755003452,0.0008710792753845453,0.0009217221522703767,0.8053766242590968,-1.1322394578621715,0.8881118881118881
h0_chr7_120066194_120070289,h0,,,chr7,120066194,120070289,promoter,0.17582417582417584,0.028619172051548958,0.030987095087766647,0.029952390119433403,0.9554887585742468,-1.5344824409730882,0.9430569430569431,0.02853959985077381,0.02974974550306797,0.028688982129096985,0.9947930436273071,-0.17640246658594283,0.5714285714285714
h0_chr7_120066194_120070289,h0,,,chr7,120066194,120070289,tfbs,0.03540903540903541,0.0016179513186216354,0.0012187843676656485,0.0012363004498183727,1.3087039795701214,2.2240955226027235,0.025974025974025976,0.0006100471946410835,0.0004784955526702106,0.0004768977814819664,1.2791990617892024,1.2085476809250413,0.14985014985014986
h0_chr7_137924469_137928564,h0,,,chr7,137924469,137928564,promoter,0.14163614163614163,0.019973672926425934,0.020231636241078377,0.020022351294755936,0.9975687986084456,-0.07001318825278548,0.5344655344655345,0.017973773181438446,0.018593471497297287,0.018495924770832062,0.9717693710445316,-0.7857811779110816,0.8021978021978022
h0_chr7_137924469_137928564,h0,,,chr7,137924469,137928564,tfbs,0.024664224664224663,0.00043035796261392534,0.0005933952052146196,0.0007005974766798317,0.6142727842147168,-2.097279040940195,0.987012987012987,0.0002531517529860139,0.0002653063856996596,0.00035400738124735653,0.7151030356881979,-1.1067626779751905,0.9080919080919081
h0_chr7_4391321_4395416,h0,,,chr7,4391321,4395416,promoter,0.1514041514041514,0.026999149471521378,0.023099064826965332,0.022715412080287933,1.1885828606627304,5.621341621816419,0.000999000999000999,0.02627710811793804,0.021976809948682785,0.021654892712831497,1.2134490097181443,6.1688440694843365,0.000999000999000999
h0_chr7_4391321_4395416,h0,,,chr7,4391321,4395416,tfbs,0.07301587301587302,0.022125376388430595,0.006216756999492645,0.00625818083062768,3.5354325781301332,38.81590314291286,0.000999000999000999,0.02140333689749241,0.005344379227608442,0.005492044612765312,3.897152773985855,41.872288670326895,0.000999000999000999
h0_chrX_127567034_127571129,h0,,,chrX,127567034,127571129,promoter,0.22612942612942613,0.0535849891602993,0.05067029967904091,0.05122578516602516,1.04605500894965,2.099325028536882,0.01998001998001998,0.05035795643925667,0.04084630683064461,0.04108951613306999,1.2255670345732588,8.755635054742449,0.000999000999000999
h0_chrX_127567034_127571129,h0,,,chrX,127567034,127571129,tfbs,0.03296703296703297,0.00035253280657343566,0.0010546143166720867,0.0010362295433878899,0.34020725313510264,-4.161446650933754,1.0,0.00018982535402756184,0.00038317564758472145,0.0003855895483866334,0.4922990128280723,-1.9412481794683132,0.983016983016983
h0_chrX_130740848_130744943,h0,,,chrX,130740848,130744943,promoter,0.18705738705738706,0.04221560060977936,0.03516785427927971,0.03483523800969124,1.2118648535725487,8.11652844620502,0.000999000999000999,0.03834692761301994,0.031703557819128036,0.03148327022790909,1.2180096710228787,7.62034976641676,0.000999000999000999
h0_chrX_130740848_130744943,h0,,,chrX,130740848,130744943,tfbs,0.027594627594627594,0.00039209536043927073,0.0007253771764226258,0.0007286699838005006,0.5380973131268995,-2.4106007420686204,0.998001998001998,0.00028753658989444375,0.000342953106155619,0.00033772480674088,0.8513931584393702,-0.5240428346930472,0.7412587412587412
h0_chrX_83970161_83974256,h0,,,chrX,83970161,83974256,promoter,0.16874236874236875,0.03018389269709587,0.02844073437154293,0.0284659992903471,1.0603489583916106,2.08846966434108,0.023976023976023976,0.02648065984249115,0.02548092231154442,0.02542191557586193,1.0416469114402416,1.403269821196408,0.09090909090909091
h0_chrX_83970161_83974256,h0,,,chrX,83970161,83974256,tfbs,0.03882783882783883,0.0014204184990376234,0.001476735807955265,0.0013893215218558908,1.022382851408069,0.16338088040447504,0.45754245754245754,0.0007609385065734386,0.0007540940423496068,0.0007258845726028085,1.0482913334897546,0.2611080688637618,0.4305694305694306
h4_chr10_110104373_110108468,h4,,,chr10,110104373,110108468,promoter,0.1907203907203907,0.03590376675128937,0.03550995513796806,0.03558278828859329,1.009020610192006,0.3410096824455676,0.38161838161838163,0.03222671523690224,0.03235658258199692,0.032648343592882156,0.9870857657822543,-0.49487685843049284,0.6933066933066933
h4_chr10_110104373_110108468,h4,,,chr10,110104373,110108468,tfbs,0.033455433455433455,0.0008929978357627988,0.0010377282742410898,0.0011814098106697202,0.7558747419378329,-1.6072472224238312,0.957042957042957,0.0006303514237515628,0.00048432571929879487,0.0006645742687396705,0.9485041076702992,-0.25666136233591946,0.6143856143856143
h4_chr10_19287595_19291690,h4,,,chr10,19287595,19291690,promoter,0.19242979242979244,0.05386801436543465,0.03621610254049301,0.03721007704734802,1.4476727445871773,17.375398242747238,0.000999000999000999,0.05021771416068077,0.034005869179964066,0.034784551709890366,1.4436786358354092,16.4638986994102,0.000999000999000999
h4_chr10_19287595_19291690,h4,,,chr10,19287595,19291690,tfbs,0.01733821733821734,0.00018251505389343947,0.00027507354388944805,0.00023635700927115977,0.7722007248959971,-0.7069277656586075,0.8021978021978022,7.82207353040576e-05,9.151735866907984e-05,3.83281621907372e-05,2.040816225802793,1.247950721957465,0.17382617382617382
h4_chr10_4663039_4667134,h4,,,chr10,4663039,4667134,promoter,0.189010989010989,0.04250247776508331,0.03482615202665329,0.035544417798519135,1.195756757249631,7.4635126983015025,0.000999000999000999,0.03685154765844345,0.03065975196659565,0.031011704355478287,1.1883109433788195,6.641200810121595,0.000999000999000999
h4_chr10_4663039_4667134,h4,,,chr10,4663039,4667134,tfbs,0.045177045177045176,0.0020354052539914846,0.001976208295673132,0.001857976894825697,1.0954954604978728,0.8092130199259212,0.22377622377622378,0.0009641393553465605,0.0008146938635036349,0.0008795897010713816,1.0961239702695398,0.5669375054276712,0.3146853146853147
h4_chr1_117801428_117805523,h4,,,chr1,117801428,117805523,promoter,0.1702075702075702,0.02931772544980049,0.028044849634170532,0.029621809720993042,0.9897344465427091,-0.34287003673489397,0.6303696303696303,0.02712598629295826,0.02555192820727825,0.027428263798356056,0.9889793423448147,-0.36604089043770505,0.6633366633366633
h4_chr1_117801428_117805523,h4,,,chr1,117801428,117805523,tfbs,0.027594627594627594,0.0005672734696418047,0.0007439054315909743,0.0007022072095423937,0.8078434142131337,-1.0321135218730584,0.8761238761238761,0.0004899179912172258,0.00032695740810595453,0.0003477386198937893,1.408868509821724,1.5555059191422829,0.08491508491508491
h4_chr1_188000709_188004804,h4,,,chr1,188000709,188004804,promoter,0.1956043956043956,0.040178921073675156,0.03740060701966286,0.03636748343706131,1.1048034473765564,4.027452117420034,0.000999000999000999,0.03877460956573486,0.0347498282790184,0.03412126377224922,1.136376712906812,5.256147665743083,0.000999000999000999
h4_chr1_188000709_188004804,h4,,,chr1,188000709,188004804,tfbs,0.028815628815628817,0.0002600577427074313,0.0006985177751630545,0.0005529867485165596,0.470278435071114,-2.4947287976572516,0.997002997002997,0.000234051956795156,0.00043013718095608056,0.00030509979114867747,0.7671324713595123,-0.843187476868934,0.8581418581418582
h4_chr1_236620149_236624244,h4,,,chr1,236620149,236624244,promoter,0.16092796092796094,0.03440329059958458,0.02526335045695305,0.02559119462966919,1.3443409382576879,10.37210375895497,0.000999000999000999,0.032208506017923355,0.02347077988088131,0.024104418233036995,1.3362075660377928,10.37457485210919,0.000999000999000999
h4_chr1_236620149_236624244,h4,,,chr1,236620149,236624244,tfbs,0.02735042735042735,0.0012071330565959215,0.0007039697375148535,0.0005892455228604376,2.0486079397532055,4.9668311441025175,0.000999000999000999,0.0009053497924469411,0.00024608764215372503,0.0002569273055996746,3.52375856016484,7.661043029958859,0.000999000999000999
h4_chr14_101543080_101547175,h4,,,chr14,101543080,101547175,promoter,0.12112332112332112,0.009738489054143429,0.014683949761092663,0.015308099798858166,0.636165767280262,-9.193466343772624,1.0,0.008517932146787643,0.012012723833322525,0.012672786600887775,0.672143579391681,-7.288547308311993,1.0
h4_chr14_101543080_101547175,h4,,,chr14,101543080,101547175,tfbs,0.029304029304029304,0.0004934167955070734,0.0008144043385982513,0.0009933519177138805,0.49671902445472943,-3.177321388687607,1.0,0.0003376009699422866,0.00017944943101610988,0.0003276287461631,1.0304375726976724,0.10760685965740655,0.48451548451548454
h4_chr14_26677340_26681435,h4,,,chr14,26677340,26681435,promoter,0.17606837606837608,0.04258367046713829,0.030628416687250137,0.03269222751259804,1.3025625265433063,10.819460037089573,0.000999000999000999,0.042166948318481445,0.0292068924754858,0.031896863132715225,1.321977905571305,11.880426451418675,0.000999000999000999
h4_chr14_26677340_26681435,h4,,,chr14,26677340,26681435,tfbs,0.03467643467643468,0.00111993751488626,0.0011415432672947645,0.001159317558631301,0.9660317024857854,-0.23512746103185223,0.6103896103896104,0.0005209011724218726,0.0003474375407677144,0.0004086209228262305,1.2747785130997569,1.1011834613828173,0.16483516483516483
h4_chr14_33378322_33382417,h4,,,chr14,33378322,33382417,promoter,0.18803418803418803,0.03213086351752281,0.03505029156804085,0.0340372696518898,0.94399062692559,-2.1612731525566087,0.988011988011988,0.03124045953154564,0.03421076759696007,0.03315884992480278,0.9421454484215332,-2.2094347313096643,0.99000999000999
h4_chr14_33378322_33382417,h4,,,chr14,33378322,33382417,tfbs,0.032722832722832725,0.0006360028637573123,0.0009939429583027959,0.0007770683150738478,0.8184645434898096,-1.039330870331521,0.8761238761238761,0.0002798412460833788,0.00025847097276709974,0.00025796276167966425,1.0848125685322094,0.27819607512976735,0.4385614385614386
h4_chr17_22742263_22746358,h4,,,chr17,22742263,22746358,promoter,0.11330891330891331,0.008789503015577793,0.012634026817977428,0.013591800816357136,0.6466768557261383,-8.572149289892081,1.0,0.00868933741003275,0.012066843919456005,0.012988480739295483,0.6690033718681153,-7.6591489009563425,1.0
h4_chr17_22742263_22746358,h4,,,chr17,22742263,22746358,tfbs,0.011965811965811967,0.0003004958271048963,0.00014824378013145179,9.16762655833736e-05,3.2777930600981438,4.375587465730848,0.000999000999000999,0.00022537187032867223,5.5341010011034086e-05,5.3388092055683956e-05,4.221388359291968,4.82922963156221,0.000999000999000999
h4_chr17_35243344_35247439,h4,,,chr17,35243344,35247439,promoter,0.14407814407814407,0.022820377722382545,0.020434461534023285,0.020720824599266052,1.1013257514467287,2.861877955944276,0.002997002997002997,0.02074579894542694,0.017615942284464836,0.01848308928310871,1.122420534125,3.2520011578121366,0.003996003996003996
h4_chr17_35243344_35247439,h4,,,chr17,35243344,35247439,tfbs,0.022222222222222223,0.0003413865633774549,0.0004758368304464966,0.0005246585933491588,0.6506832589898383,-1.6522998247252805,0.965034965034965,5.25210089108441e-05,0.00011213152902200818,9.545693319523707e-05,0.550206330256006,-0.8976236446625934,0.8801198801198801
h4_chr17_72349260_72353355,h4,,,chr17,72349260,72353355,promoter,0.12405372405372406,0.014229838736355305,0.01513840351253748,0.016333049163222313,0.8712297743153263,-3.337286404832944,1.0,0.01379239372909069,0.013528093695640564,0.015425043180584908,0.8941559234304647,-2.6346917103884446,0.998001998001998
h4_chr17_72349260_72353355,h4,,,chr17,72349260,72353355,tfbs,0.025885225885225887,0.0003087849181611091,0.0006625994574278593,0.00047678968985565007,0.6476333795191648,-1.5587199249559225,0.957042957042957,0.0,0.00016648616292513907,0.00011386444384697825,0.0,-2.1799418288799552,1.0
h4_chr21_12003041_12007136,h4,,,chr21,12003041,12007136,promoter,0.07277167277167278,0.006510934326797724,0.005167944356799126,0.004766799043864012,1.3658923455518486,5.079797482938296,0.000999000999000999,0.00626242533326149,0.004992001689970493,0.004563245922327042,1.372362007188941,5.029661059293518,0.000999000999000999
h4_chr21_12003041_12007136,h4,,,chr21,12003041,12007136,tfbs,0.008791208791208791,0.0,6.833933002781123e-05,2.2614315184910083e-06,0.0,-0.3021289195210789,1.0,0.0,6.833933002781123e-05,2.7087476155429613e-06,0.0,-0.3361908753561651,1.0
h4_chr21_19112010_19116105,h4,,,chr21,19112010,19116105,promoter,0.21636141636141637,0.05455544590950012,0.045435383915901184,0.047734130173921585,1.1429022737132686,6.303983426542535,0.000999000999000999,0.05397979915142059,0.04457297548651695,0.04681636765599251,1.1530112619600288,6.727255036197034,0.000999000999000999
h4_chr21_19112010_19116105,h4,,,chr21,19112010,19116105,tfbs,0.021001221001221003,0.0002878225059248507,0.0004325136251281947,0.0003837197145912796,0.7500852705246741,-0.9857715450346852,0.8721278721278721,0.00020932544430252165,0.00031162958475761116,0.00021547438518609852,0.9714632396873242,-0.08452492983543872,0.5904095904095904
h4_chr21_38658585_38662680,h4,,,chr21,38658585,38662680,promoter,0.16043956043956045,0.0279941838234663,0.02530154399573803,0.024987872689962387,1.1203108071985475,3.8798162166571926,0.000999000999000999,0.025553131476044655,0.01821955293416977,0.01860896497964859,1.3731624248844816,9.78804567387608,0.000999000999000999
h4_chr21_38658585_38662680,h4,,,chr21,38658585,38662680,tfbs,0.024175824175824177,0.0012984315399080515,0.0005315843154676259,0.0006724836421199143,1.9308001839493383,4.795813514676045,0.000999000999000999,0.0006492157699540257,0.00010543392272666097,0.00020242547907400876,3.207184060642218,6.1247636127158405,0.000999000999000999
h4_chr3_108979737_108983832,h4,,,chr3,108979737,108983832,promoter,0.16776556776556775,0.031171614304184914,0.02763873152434826,0.026994016021490097,1.154760161636157,5.058038130259511,0.000999000999000999,0.030649038031697273,0.026982644572854042,0.02644175849854946,1.159114967084304,5.455091398925941,0.000999000999000999
h4_chr3_108979737_108983832,h4,,,chr3,108979737,108983832,tfbs,0.0231990231990232,0.0005487040034495294,0.000499315676279366,0.00045542430598288774,1.204819321764848,0.8919122064785722,0.21478521478521478,0.00023515886277891695,0.00017610611394047737,9.56312651396729e-05,2.4590165406204654,2.9061253060849643,0.013986013986013986
h4_chr3_127665795_127669890,h4,,,chr3,127665795,127669890,promoter,0.10378510378510379,0.015931308269500732,0.010746942833065987,0.010470490902662277,1.521543585454046,10.1059202756266,0.000999000999000999,0.01466404553502798,0.008996562100946903,0.009003620594739914,1.6286831925808818,12.558566878398926,0.000999000999000999
h4_chr3_127665795_127669890,h4,,,chr3,127665795,127669890,tfbs,0.018315018315018316,0.0013965758262202144,0.000313713273499161,0.00027910826611332595,5.003706431443218,13.049824904618179,0.000999000999000999,0.00041380024049431086,7.965679105836898e-05,5.154399696039036e-05,8.028097642724543,9.89220860295041,0.000999000999000999
h4_chr3_17001367_17005462,h4,,,chr3,17001367,17005462,promoter,0.17216117216117216,0.042173244059085846,0.028935901820659637,0.029794834554195404,1.4154548830393636,14.18735684849604,0.000999000999000999,0.04144115746021271,0.028375856578350067,0.02899516373872757,1.42924378126072,14.608694986774868,0.000999000999000999
h4_chr3_17001367_17005462,h4,,,chr3,17001367,17005462,tfbs,0.04151404151404151,0.0008366669062525034,0.0017977904062718153,0.0019632913172245026,0.426155252107617,-5.012570428031637,1.0,0.00036604178603738546,0.0009059545700438321,0.0009516301797702909,0.3846470969696888,-3.75567700750364,1.0
h4_chr7_120066194_120070289,h4,,,chr7,120066194,120070289,promoter,0.17582417582417584,0.03538229316473007,0.03026970848441124,0.030239704996347427,1.1700607915653873,5.807028181464504,0.000999000999000999,0.034720197319984436,0.029084566980600357,0.028934532776474953,1.1999570751048547,7.092839980065228,0.000999000999000999
h4_chr7_120066194_120070289,h4,,,chr7,120066194,120070289,tfbs,0.03540903540903541,0.001430122647434473,0.0011917625088244677,0.0010962419910356402,1.3045683883021206,1.9848117261840756,0.03696303696303696,0.0006885775364935398,0.0004888874827884138,0.0003982361522503197,1.729068374637971,2.8904467644287775,0.006993006993006993
h4_chr7_137924469_137928564,h4,,,chr7,137924469,137928564,promoter,0.14163614163614163,0.023126082494854927,0.019996950402855873,0.02042330987751484,1.1323376393713598,3.68354557508357,0.000999000999000999,0.01930784247815609,0.01850023865699768,0.018898125737905502,1.021680284380201,0.5873120740371264,0.26373626373626374
h4_chr7_137924469_137928564,h4,,,chr7,137924469,137928564,tfbs,0.024664224664224663,0.0012998266611248255,0.0006277142674662173,0.0008483264246024191,1.5322246524785652,3.0334573464759305,0.003996003996003996,0.0005957538960501552,0.0002924639265984297,0.00046883124741725624,1.270721393533607,1.102441084351413,0.15584415584415584
h4_chr7_4391321_4395416,h4,,,chr7,4391321,4395416,promoter,0.1514041514041514,0.025873420760035515,0.022574706003069878,0.022213002666831017,1.1647871810986778,5.064857115956472,0.000999000999000999,0.02512459084391594,0.021449895575642586,0.021107366308569908,1.1903233438325735,5.58285400929799,0.000999000999000999
h4_chr7_4391321_4395416,h4,,,chr7,4391321,4395416,tfbs,0.07301587301587302,0.007720711641013622,0.005798866972327232,0.013417823240160942,0.575407165739427,-9.870335836323408,1.0,0.007100989110767841,0.0049743675626814365,0.012773826718330383,0.5559014747380246,-10.106116569176402,1.0
h4_chrX_127567034_127571129,h4,,,chrX,127567034,127571129,promoter,0.22612942612942613,0.04187827184796333,0.050973717123270035,0.05219871550798416,0.8022854861544966,-9.14382421136883,1.0,0.038101933896541595,0.04104800149798393,0.042177047580480576,0.9033807741956568,-4.056586226689088,1.0
h4_chrX_127567034_127571129,h4,,,chrX,127567034,127571129,tfbs,0.03296703296703297,0.0004427429230418056,0.0010836715810000896,0.0013624500716105103,0.32496084243179113,-5.136593254479112,1.0,0.00015626220556441694,0.0004185196594335139,0.00042456440860405564,0.36805300302537947,-2.6258068131657013,0.997002997002997
h4_chrX_130740848_130744943,h4,,,chrX,130740848,130744943,promoter,0.18705738705738706,0.037027377635240555,0.03456693887710571,0.03505108132958412,1.0563833191642045,2.169893059987512,0.016983016983016984,0.032568447291851044,0.031046437099575996,0.0316457599401474,1.029156744962003,1.0590186876989296,0.15984015984015984
h4_chrX_130740848_130744943,h4,,,chrX,130740848,130744943,tfbs,0.027594627594627594,0.0010691003408282995,0.0007473340956494212,0.0006881877197884023,1.5535010435190804,2.8917753241053084,0.004995004995004995,0.000782268587499857,0.000343158288160339,0.00035538466181606054,2.2011883785371196,4.566680659000798,0.000999000999000999
h4_chrX_83970161_83974256,h4,,,chrX,83970161,83974256,promoter,0.16874236874236875,0.0351063534617424,0.02802104875445366,0.027805959805846214,1.2625478029483908,8.942403262791482,0.000999000999000999,0.03088403306901455,0.02510499395430088,0.024794910103082657,1.245579554054316,7.69392104963545,0.000999000999000999
h4_chrX_83970161_83974256,h4,,,chrX,83970161,83974256,tfbs,0.03882783882783883,0.0009559975587762892,0.001448068767786026,0.0010408158414065838,0.9185078865482398,-0.5137976498655226,0.7172827172827173,0.0006107762455940247,0.000739038223400712,0.0005382266244851053,1.13479381696943,0.6232610464721253,0.2897102897102897
