model,seed,repeat,fragment,metric,value,n_aligned_positions,contact_shape,file
M0,,,M0_chr10_110104373_110108468,corr,0.034841224533687494,4096,4096x4096,/gpfs/scratch/bty252/dna_foundation_model/figures/rc_consistency/m0/M0_chr10_110104373_110108468_rc_compare.npz
M0,,,M0_chr10_19287595_19291690,corr,0.04001483378169905,4096,4096x4096,/gpfs/scratch/bty252/dna_foundation_model/figures/rc_consistency/m0/M0_chr10_19287595_19291690_rc_compare.npz
M0,,,M0_chr10_4663039_4667134,corr,0.04309135189401566,4096,4096x4096,/gpfs/scratch/bty252/dna_foundation_model/figures/rc_consistency/m0/M0_chr10_4663039_4667134_rc_compare.npz
M0,,,M0_chr14_101543080_101547175,corr,0.04774180568575384,4096,4096x4096,/gpfs/scratch/bty252/dna_foundation_model/figures/rc_consistency/m0/M0_chr14_101543080_101547175_rc_compare.npz
M0,,,M0_chr14_26677340_26681435,corr,0.08085834874404822,4096,4096x4096,/gpfs/scratch/bty252/dna_foundation_model/figures/rc_consistency/m0/M0_chr14_26677340_26681435_rc_compare.npz
M0,,,M0_chr14_33378322_33382417,corr,0.05290278417122111,4096,4096x4096,/gpfs/scratch/bty252/dna_foundation_model/figures/rc_consistency/m0/M0_chr14_33378322_33382417_rc_compare.npz
M0,,,M0_chr17_22742263_22746358,corr,0.05288870701581012,4096,4096x4096,/gpfs/scratch/bty252/dna_foundation_model/figures/rc_consistency/m0/M0_chr17_22742263_22746358_rc_compare.npz
M0,,,M0_chr17_35243344_35247439,corr,0.06494618713862238,4096,4096x4096,/gpfs/scratch/bty252/dna_foundation_model/figures/rc_consistency/m0/M0_chr17_35243344_35247439_rc_compare.npz
M0,,,M0_chr17_72349260_72353355,corr,0.04159169550723173,4096,4096x4096,/gpfs/scratch/bty252/dna_foundation_model/figures/rc_consistency/m0/M0_chr17_72349260_72353355_rc_compare.npz
M0,,,M0_chr1_117801428_117805523,corr,0.0455582578577579,4096,4096x4096,/gpfs/scratch/bty252/dna_foundation_model/figures/rc_consistency/m0/M0_chr1_117801428_117805523_rc_compare.npz
M0,,,M0_chr1_188000709_188004804,corr,0.061388210061208905,4096,4096x4096,/gpfs/scratch/bty252/dna_foundation_model/figures/rc_consistency/m0/M0_chr1_188000709_188004804_rc_compare.npz
M0,,,M0_chr1_236620149_236624244,corr,0.05083158842181646,4096,4096x4096,/gpfs/scratch/bty252/dna_foundation_model/figures/rc_consistency/m0/M0_chr1_236620149_236624244_rc_compare.npz
M0,,,M0_chr21_12003041_12007136,corr,0.08450452838520726,4096,4096x4096,/gpfs/scratch/bty252/dna_foundation_model/figures/rc_consistency/m0/M0_chr21_12003041_12007136_rc_compare.npz
M0,,,M0_chr21_19112010_19116105,corr,0.04226516704444791,4096,4096x4096,/gpfs/scratch/bty252/dna_foundation_model/figures/rc_consistency/m0/M0_chr21_19112010_19116105_rc_compare.npz
M0,,,M0_chr21_38658585_38662680,corr,0.02612583349275454,4096,4096x4096,/gpfs/scratch/bty252/dna_foundation_model/figures/rc_consistency/m0/M0_chr21_38658585_38662680_rc_compare.npz
M0,,,M0_chr3_108979737_108983832,corr,0.0843278217360461,4096,4096x4096,/gpfs/scratch/bty252/dna_foundation_model/figures/rc_consistency/m0/M0_chr3_108979737_108983832_rc_compare.npz
M0,,,M0_chr3_127665795_127669890,corr,0.039713914186184585,4096,4096x4096,/gpfs/scratch/bty252/dna_foundation_model/figures/rc_consistency/m0/M0_chr3_127665795_127669890_rc_compare.npz
M0,,,M0_chr3_17001367_17005462,corr,0.04339814565243261,4096,4096x4096,/gpfs/scratch/bty252/dna_foundation_model/figures/rc_consistency/m0/M0_chr3_17001367_17005462_rc_compare.npz
M0,,,M0_chr7_120066194_120070289,corr,0.04241888813317419,4096,4096x4096,/gpfs/scratch/bty252/dna_foundation_model/figures/rc_consistency/m0/M0_chr7_120066194_120070289_rc_compare.npz
M0,,,M0_chr7_137924469_137928564,corr,0.05297812227437148,4096,4096x4096,/gpfs/scratch/bty252/dna_foundation_model/figures/rc_consistency/m0/M0_chr7_137924469_137928564_rc_compare.npz
M0,,,M0_chr7_4391321_4395416,corr,0.062285180431006046,4096,4096x4096,/gpfs/scratch/bty252/dna_foundation_model/figures/rc_consistency/m0/M0_chr7_4391321_4395416_rc_compare.npz
M0,,,M0_chrX_127567034_127571129,corr,0.05224889054320805,4096,4096x4096,/gpfs/scratch/bty252/dna_foundation_model/figures/rc_consistency/m0/M0_chrX_127567034_127571129_rc_compare.npz
M0,,,M0_chrX_130740848_130744943,corr,0.05214806328907026,4096,4096x4096,/gpfs/scratch/bty252/dna_foundation_model/figures/rc_consistency/m0/M0_chrX_130740848_130744943_rc_compare.npz
M0,,,M0_chrX_83970161_83974256,corr,0.03156723830275664,4096,4096x4096,/gpfs/scratch/bty252/dna_foundation_model/figures/rc_consistency/m0/M0_chrX_83970161_83974256_rc_compare.npz
M1,,,M1_chr10_110104373_110108468,corr,0.012025815453102074,4096,4096x4096,/gpfs/scratch/bty252/dna_foundation_model/figures/rc_consistency/m1/M1_chr10_110104373_110108468_rc_compare.npz
M1,,,M1_chr10_19287595_19291690,corr,0.016244470810203086,4096,4096x4096,/gpfs/scratch/bty252/dna_foundation_model/figures/rc_consistency/m1/M1_chr10_19287595_19291690_rc_compare.npz
M1,,,M1_chr10_4663039_4667134,corr,0.019228796681860675,4096,4096x4096,/gpfs/scratch/bty252/dna_foundation_model/figures/rc_consistency/m1/M1_chr10_4663039_4667134_rc_compare.npz
M1,,,M1_chr14_101543080_101547175,corr,0.02346689663951365,4096,4096x4096,/gpfs/scratch/bty252/dna_foundation_model/figures/rc_consistency/m1/M1_chr14_101543080_101547175_rc_compare.npz
M1,,,M1_chr14_26677340_26681435,corr,0.15125606520382137,4096,4096x4096,/gpfs/scratch/bty252/dna_foundation_model/figures/rc_consistency/m1/M1_chr14_26677340_26681435_rc_compare.npz
M1,,,M1_chr14_33378322_33382417,corr,0.018288111687682344,4096,4096x4096,/gpfs/scratch/bty252/dna_foundation_model/figures/rc_consistency/m1/M1_chr14_33378322_33382417_rc_compare.npz
M1,,,M1_chr17_22742263_22746358,corr,0.03287518486328206,4096,4096x4096,/gpfs/scratch/bty252/dna_foundation_model/figures/rc_consistency/m1/M1_chr17_22742263_22746358_rc_compare.npz
M1,,,M1_chr17_35243344_35247439,corr,0.04730934331293818,4096,4096x4096,/gpfs/scratch/bty252/dna_foundation_model/figures/rc_consistency/m1/M1_chr17_35243344_35247439_rc_compare.npz
M1,,,M1_chr17_72349260_72353355,corr,0.01070003522741792,4096,4096x4096,/gpfs/scratch/bty252/dna_foundation_model/figures/rc_consistency/m1/M1_chr17_72349260_72353355_rc_compare.npz
M1,,,M1_chr1_117801428_117805523,corr,0.02955346851081526,4096,4096x4096,/gpfs/scratch/bty252/dna_foundation_model/figures/rc_consistency/m1/M1_chr1_117801428_117805523_rc_compare.npz
M1,,,M1_chr1_188000709_188004804,corr,0.055375285459244965,4096,4096x4096,/gpfs/scratch/bty252/dna_foundation_model/figures/rc_consistency/m1/M1_chr1_188000709_188004804_rc_compare.npz
M1,,,M1_chr1_236620149_236624244,corr,0.02548031936095424,4096,4096x4096,/gpfs/scratch/bty252/dna_foundation_model/figures/rc_consistency/m1/M1_chr1_236620149_236624244_rc_compare.npz
M1,,,M1_chr21_12003041_12007136,corr,0.054244613617048305,4096,4096x4096,/gpfs/scratch/bty252/dna_foundation_model/figures/rc_consistency/m1/M1_chr21_12003041_12007136_rc_compare.npz
M1,,,M1_chr21_19112010_19116105,corr,0.007140895304542498,4096,4096x4096,/gpfs/scratch/bty252/dna_foundation_model/figures/rc_consistency/m1/M1_chr21_19112010_19116105_rc_compare.npz
M1,,,M1_chr21_38658585_38662680,corr,0.01584701265232143,4096,4096x4096,/gpfs/scratch/bty252/dna_foundation_model/figures/rc_consistency/m1/M1_chr21_38658585_38662680_rc_compare.npz
M1,,,M1_chr3_108979737_108983832,corr,0.09344518268341805,4096,4096x4096,/gpfs/scratch/bty252/dna_foundation_model/figures/rc_consistency/m1/M1_chr3_108979737_108983832_rc_compare.npz
M1,,,M1_chr3_127665795_127669890,corr,0.022419444288893437,4096,4096x4096,/gpfs/scratch/bty252/dna_foundation_model/figures/rc_consistency/m1/M1_chr3_127665795_127669890_rc_compare.npz
M1,,,M1_chr3_17001367_17005462,corr,0.01499103838634897,4096,4096x4096,/gpfs/scratch/bty252/dna_foundation_model/figures/rc_consistency/m1/M1_chr3_17001367_17005462_rc_compare.npz
M1,,,M1_chr7_120066194_120070289,corr,0.015754727533851688,4096,4096x4096,/gpfs/scratch/bty252/dna_foundation_model/figures/rc_consistency/m1/M1_chr7_120066194_120070289_rc_compare.npz
M1,,,M1_chr7_137924469_137928564,corr,0.03679996976527153,4096,4096x4096,/gpfs/scratch/bty252/dna_foundation_model/figures/rc_consistency/m1/M1_chr7_137924469_137928564_rc_compare.npz
M1,,,M1_chr7_4391321_4395416,corr,0.07267550975743357,4096,4096x4096,/gpfs/scratch/bty252/dna_foundation_model/figures/rc_consistency/m1/M1_chr7_4391321_4395416_rc_compare.npz
M1,,,M1_chrX_127567034_127571129,corr,0.054054976862165864,4096,4096x4096,/gpfs/scratch/bty252/dna_foundation_model/figures/rc_consistency/m1/M1_chrX_127567034_127571129_rc_compare.npz
M1,,,M1_chrX_130740848_130744943,corr,0.026477084690269326,4096,4096x4096,/gpfs/scratch/bty252/dna_foundation_model/figures/rc_consistency/m1/M1_chrX_130740848_130744943_rc_compare.npz
M1,,,M1_chrX_83970161_83974256,corr,0.016387438032331777,4096,4096x4096,/gpfs/scratch/bty252/dna_foundation_model/figures/rc_consistency/m1/M1_chrX_83970161_83974256_rc_compare.npz
M2,,,M2_chr10_110104373_110108468,corr,0.06018889841421128,4096,4096x4096,/gpfs/scratch/bty252/dna_foundation_model/figures/rc_consistency/m2/M2_chr10_110104373_110108468_rc_compare.npz
M2,,,M2_chr10_19287595_19291690,corr,0.03262187573928877,4096,4096x4096,/gpfs/scratch/bty252/dna_foundation_model/figures/rc_consistency/m2/M2_chr10_19287595_19291690_rc_compare.npz
M2,,,M2_chr10_4663039_4667134,corr,0.04272543485597141,4096,4096x4096,/gpfs/scratch/bty252/dna_foundation_model/figures/rc_consistency/m2/M2_chr10_4663039_4667134_rc_compare.npz
M2,,,M2_chr14_101543080_101547175,corr,0.04864806398972669,4096,4096x4096,/gpfs/scratch/bty252/dna_foundation_model/figures/rc_consistency/m2/M2_chr14_101543080_101547175_rc_compare.npz
M2,,,M2_chr14_26677340_26681435,corr,0.1121766059880508,4096,4096x4096,/gpfs/scratch/bty252/dna_foundation_model/figures/rc_consistency/m2/M2_chr14_26677340_26681435_rc_compare.npz
M2,,,M2_chr14_33378322_33382417,corr,0.05346478065699607,4096,4096x4096,/gpfs/scratch/bty252/dna_foundation_model/figures/rc_consistency/m2/M2_chr14_33378322_33382417_rc_compare.npz
M2,,,M2_chr17_22742263_22746358,corr,0.058779198680160266,4096,4096x4096,/gpfs/scratch/bty252/dna_foundation_model/figures/rc_consistency/m2/M2_chr17_22742263_22746358_rc_compare.npz
M2,,,M2_chr17_35243344_35247439,corr,0.0499407278615182,4096,4096x4096,/gpfs/scratch/bty252/dna_foundation_model/figures/rc_consistency/m2/M2_chr17_35243344_35247439_rc_compare.npz
M2,,,M2_chr17_72349260_72353355,corr,0.1356957404266441,4096,4096x4096,/gpfs/scratch/bty252/dna_foundation_model/figures/rc_consistency/m2/M2_chr17_72349260_72353355_rc_compare.npz
M2,,,M2_chr1_117801428_117805523,corr,0.058492330975177365,4096,4096x4096,/gpfs/scratch/bty252/dna_foundation_model/figures/rc_consistency/m2/M2_chr1_117801428_117805523_rc_compare.npz
M2,,,M2_chr1_188000709_188004804,corr,0.055992045710048136,4096,4096x4096,/gpfs/scratch/bty252/dna_foundation_model/figures/rc_consistency/m2/M2_chr1_188000709_188004804_rc_compare.npz
M2,,,M2_chr1_236620149_236624244,corr,0.03574126624363848,4096,4096x4096,/gpfs/scratch/bty252/dna_foundation_model/figures/rc_consistency/m2/M2_chr1_236620149_236624244_rc_compare.npz
M2,,,M2_chr21_12003041_12007136,corr,0.07196048838501501,4096,4096x4096,/gpfs/scratch/bty252/dna_foundation_model/figures/rc_consistency/m2/M2_chr21_12003041_12007136_rc_compare.npz
M2,,,M2_chr21_19112010_19116105,corr,0.03560408217074755,4096,4096x4096,/gpfs/scratch/bty252/dna_foundation_model/figures/rc_consistency/m2/M2_chr21_19112010_19116105_rc_compare.npz
M2,,,M2_chr21_38658585_38662680,corr,0.06118278742975566,4096,4096x4096,/gpfs/scratch/bty252/dna_foundation_model/figures/rc_consistency/m2/M2_chr21_38658585_38662680_rc_compare.npz
M2,,,M2_chr3_108979737_108983832,corr,0.08504910607139586,4096,4096x4096,/gpfs/scratch/bty252/dna_foundation_model/figures/rc_consistency/m2/M2_chr3_108979737_108983832_rc_compare.npz
M2,,,M2_chr3_127665795_127669890,corr,0.11280209944997796,4096,4096x4096,/gpfs/scratch/bty252/dna_foundation_model/figures/rc_consistency/m2/M2_chr3_127665795_127669890_rc_compare.npz
M2,,,M2_chr3_17001367_17005462,corr,0.03014814879746134,4096,4096x4096,/gpfs/scratch/bty252/dna_foundation_model/figures/rc_consistency/m2/M2_chr3_17001367_17005462_rc_compare.npz
M2,,,M2_chr7_120066194_120070289,corr,0.04778932926822478,4096,4096x4096,/gpfs/scratch/bty252/dna_foundation_model/figures/rc_consistency/m2/M2_chr7_120066194_120070289_rc_compare.npz
M2,,,M2_chr7_137924469_137928564,corr,0.05525043790562482,4096,4096x4096,/gpfs/scratch/bty252/dna_foundation_model/figures/rc_consistency/m2/M2_chr7_137924469_137928564_rc_compare.npz
M2,,,M2_chr7_4391321_4395416,corr,0.05632419342630338,4096,4096x4096,/gpfs/scratch/bty252/dna_foundation_model/figures/rc_consistency/m2/M2_chr7_4391321_4395416_rc_compare.npz
M2,,,M2_chrX_127567034_127571129,corr,0.03842633571796919,4096,4096x4096,/gpfs/scratch/bty252/dna_foundation_model/figures/rc_consistency/m2/M2_chrX_127567034_127571129_rc_compare.npz
M2,,,M2_chrX_130740848_130744943,corr,0.029475664830207898,4096,4096x4096,/gpfs/scratch/bty252/dna_foundation_model/figures/rc_consistency/m2/M2_chrX_130740848_130744943_rc_compare.npz
M2,,,M2_chrX_83970161_83974256,corr,0.022444309333103585,4096,4096x4096,/gpfs/scratch/bty252/dna_foundation_model/figures/rc_consistency/m2/M2_chrX_83970161_83974256_rc_compare.npz
M3,,,M3_chr10_110104373_110108468,corr,0.0819266782731529,4096,4096x4096,/gpfs/scratch/bty252/dna_foundation_model/figures/rc_consistency/m3/M3_chr10_110104373_110108468_rc_compare.npz
M3,,,M3_chr10_19287595_19291690,corr,0.0667539104408722,4096,4096x4096,/gpfs/scratch/bty252/dna_foundation_model/figures/rc_consistency/m3/M3_chr10_19287595_19291690_rc_compare.npz
M3,,,M3_chr10_4663039_4667134,corr,0.08173935209756078,4096,4096x4096,/gpfs/scratch/bty252/dna_foundation_model/figures/rc_consistency/m3/M3_chr10_4663039_4667134_rc_compare.npz
M3,,,M3_chr14_101543080_101547175,corr,0.06046049271786484,4096,4096x4096,/gpfs/scratch/bty252/dna_foundation_model/figures/rc_consistency/m3/M3_chr14_101543080_101547175_rc_compare.npz
M3,,,M3_chr14_26677340_26681435,corr,0.12061278966494263,4096,4096x4096,/gpfs/scratch/bty252/dna_foundation_model/figures/rc_consistency/m3/M3_chr14_26677340_26681435_rc_compare.npz
M3,,,M3_chr14_33378322_33382417,corr,0.07578803935965499,4096,4096x4096,/gpfs/scratch/bty252/dna_foundation_model/figures/rc_consistency/m3/M3_chr14_33378322_33382417_rc_compare.npz
M3,,,M3_chr17_22742263_22746358,corr,0.053861844812298415,4096,4096x4096,/gpfs/scratch/bty252/dna_foundation_model/figures/rc_consistency/m3/M3_chr17_22742263_22746358_rc_compare.npz
M3,,,M3_chr17_35243344_35247439,corr,0.07405776297070095,4096,4096x4096,/gpfs/scratch/bty252/dna_foundation_model/figures/rc_consistency/m3/M3_chr17_35243344_35247439_rc_compare.npz
M3,,,M3_chr17_72349260_72353355,corr,0.07098065177441844,4096,4096x4096,/gpfs/scratch/bty252/dna_foundation_model/figures/rc_consistency/m3/M3_chr17_72349260_72353355_rc_compare.npz
M3,,,M3_chr1_117801428_117805523,corr,0.08375927477171236,4096,4096x4096,/gpfs/scratch/bty252/dna_foundation_model/figures/rc_consistency/m3/M3_chr1_117801428_117805523_rc_compare.npz
M3,,,M3_chr1_188000709_188004804,corr,0.08738584947439222,4096,4096x4096,/gpfs/scratch/bty252/dna_foundation_model/figures/rc_consistency/m3/M3_chr1_188000709_188004804_rc_compare.npz
M3,,,M3_chr1_236620149_236624244,corr,0.07249961226596961,4096,4096x4096,/gpfs/scratch/bty252/dna_foundation_model/figures/rc_consistency/m3/M3_chr1_236620149_236624244_rc_compare.npz
M3,,,M3_chr21_12003041_12007136,corr,0.06876944905938843,4096,4096x4096,/gpfs/scratch/bty252/dna_foundation_model/figures/rc_consistency/m3/M3_chr21_12003041_12007136_rc_compare.npz
M3,,,M3_chr21_19112010_19116105,corr,0.06583929343716896,4096,4096x4096,/gpfs/scratch/bty252/dna_foundation_model/figures/rc_consistency/m3/M3_chr21_19112010_19116105_rc_compare.npz
M3,,,M3_chr21_38658585_38662680,corr,0.05964081827755048,4096,4096x4096,/gpfs/scratch/bty252/dna_foundation_model/figures/rc_consistency/m3/M3_chr21_38658585_38662680_rc_compare.npz
M3,,,M3_chr3_108979737_108983832,corr,0.12451248500170861,4096,4096x4096,/gpfs/scratch/bty252/dna_foundation_model/figures/rc_consistency/m3/M3_chr3_108979737_108983832_rc_compare.npz
M3,,,M3_chr3_127665795_127669890,corr,0.07754069528745398,4096,4096x4096,/gpfs/scratch/bty252/dna_foundation_model/figures/rc_consistency/m3/M3_chr3_127665795_127669890_rc_compare.npz
M3,,,M3_chr3_17001367_17005462,corr,0.06038429396596759,4096,4096x4096,/gpfs/scratch/bty252/dna_foundation_model/figures/rc_consistency/m3/M3_chr3_17001367_17005462_rc_compare.npz
M3,,,M3_chr7_120066194_120070289,corr,0.06546868395633101,4096,4096x4096,/gpfs/scratch/bty252/dna_foundation_model/figures/rc_consistency/m3/M3_chr7_120066194_120070289_rc_compare.npz
M3,,,M3_chr7_137924469_137928564,corr,0.0864831847798749,4096,4096x4096,/gpfs/scratch/bty252/dna_foundation_model/figures/rc_consistency/m3/M3_chr7_137924469_137928564_rc_compare.npz
M3,,,M3_chr7_4391321_4395416,corr,0.08678662410752708,4096,4096x4096,/gpfs/scratch/bty252/dna_foundation_model/figures/rc_consistency/m3/M3_chr7_4391321_4395416_rc_compare.npz
M3,,,M3_chrX_127567034_127571129,corr,0.06923676533573649,4096,4096x4096,/gpfs/scratch/bty252/dna_foundation_model/figures/rc_consistency/m3/M3_chrX_127567034_127571129_rc_compare.npz
M3,,,M3_chrX_130740848_130744943,corr,0.09969814951638936,4096,4096x4096,/gpfs/scratch/bty252/dna_foundation_model/figures/rc_consistency/m3/M3_chrX_130740848_130744943_rc_compare.npz
M3,,,M3_chrX_83970161_83974256,corr,0.04021166319139136,4096,4096x4096,/gpfs/scratch/bty252/dna_foundation_model/figures/rc_consistency/m3/M3_chrX_83970161_83974256_rc_compare.npz
M4,,,M4_chr10_110104373_110108468,corr,0.29538647010685243,4096,4096x4096,/gpfs/scratch/bty252/dna_foundation_model/figures/rc_consistency/m4/M4_chr10_110104373_110108468_rc_compare.npz
M4,,,M4_chr10_19287595_19291690,corr,0.23766879615393685,4096,4096x4096,/gpfs/scratch/bty252/dna_foundation_model/figures/rc_consistency/m4/M4_chr10_19287595_19291690_rc_compare.npz
M4,,,M4_chr10_4663039_4667134,corr,0.2626386053655734,4096,4096x4096,/gpfs/scratch/bty252/dna_foundation_model/figures/rc_consistency/m4/M4_chr10_4663039_4667134_rc_compare.npz
M4,,,M4_chr14_101543080_101547175,corr,0.2456221515110825,4096,4096x4096,/gpfs/scratch/bty252/dna_foundation_model/figures/rc_consistency/m4/M4_chr14_101543080_101547175_rc_compare.npz
M4,,,M4_chr14_26677340_26681435,corr,0.1784744127726017,4096,4096x4096,/gpfs/scratch/bty252/dna_foundation_model/figures/rc_consistency/m4/M4_chr14_26677340_26681435_rc_compare.npz
M4,,,M4_chr14_33378322_33382417,corr,0.28818165694207626,4096,4096x4096,/gpfs/scratch/bty252/dna_foundation_model/figures/rc_consistency/m4/M4_chr14_33378322_33382417_rc_compare.npz
M4,,,M4_chr17_22742263_22746358,corr,0.08309045414231475,4096,4096x4096,/gpfs/scratch/bty252/dna_foundation_model/figures/rc_consistency/m4/M4_chr17_22742263_22746358_rc_compare.npz
M4,,,M4_chr17_35243344_35247439,corr,0.29786612191926903,4096,4096x4096,/gpfs/scratch/bty252/dna_foundation_model/figures/rc_consistency/m4/M4_chr17_35243344_35247439_rc_compare.npz
M4,,,M4_chr17_72349260_72353355,corr,0.2883581835460329,4096,4096x4096,/gpfs/scratch/bty252/dna_foundation_model/figures/rc_consistency/m4/M4_chr17_72349260_72353355_rc_compare.npz
M4,,,M4_chr1_117801428_117805523,corr,0.2486442236979168,4096,4096x4096,/gpfs/scratch/bty252/dna_foundation_model/figures/rc_consistency/m4/M4_chr1_117801428_117805523_rc_compare.npz
M4,,,M4_chr1_188000709_188004804,corr,0.17886257856434987,4096,4096x4096,/gpfs/scratch/bty252/dna_foundation_model/figures/rc_consistency/m4/M4_chr1_188000709_188004804_rc_compare.npz
M4,,,M4_chr1_236620149_236624244,corr,0.2639956469909776,4096,4096x4096,/gpfs/scratch/bty252/dna_foundation_model/figures/rc_consistency/m4/M4_chr1_236620149_236624244_rc_compare.npz
M4,,,M4_chr21_12003041_12007136,corr,0.07413219516225278,4096,4096x4096,/gpfs/scratch/bty252/dna_foundation_model/figures/rc_consistency/m4/M4_chr21_12003041_12007136_rc_compare.npz
M4,,,M4_chr21_19112010_19116105,corr,0.26013349776999195,4096,4096x4096,/gpfs/scratch/bty252/dna_foundation_model/figures/rc_consistency/m4/M4_chr21_19112010_19116105_rc_compare.npz
M4,,,M4_chr21_38658585_38662680,corr,0.215596200986358,4096,4096x4096,/gpfs/scratch/bty252/dna_foundation_model/figures/rc_consistency/m4/M4_chr21_38658585_38662680_rc_compare.npz
M4,,,M4_chr3_108979737_108983832,corr,0.25040263679066765,4096,4096x4096,/gpfs/scratch/bty252/dna_foundation_model/figures/rc_consistency/m4/M4_chr3_108979737_108983832_rc_compare.npz
M4,,,M4_chr3_127665795_127669890,corr,0.2893023301400296,4096,4096x4096,/gpfs/scratch/bty252/dna_foundation_model/figures/rc_consistency/m4/M4_chr3_127665795_127669890_rc_compare.npz
M4,,,M4_chr3_17001367_17005462,corr,0.2343398805626593,4096,4096x4096,/gpfs/scratch/bty252/dna_foundation_model/figures/rc_consistency/m4/M4_chr3_17001367_17005462_rc_compare.npz
M4,,,M4_chr7_120066194_120070289,corr,0.22513332854937831,4096,4096x4096,/gpfs/scratch/bty252/dna_foundation_model/figures/rc_consistency/m4/M4_chr7_120066194_120070289_rc_compare.npz
M4,,,M4_chr7_137924469_137928564,corr,0.23945652432776257,4096,4096x4096,/gpfs/scratch/bty252/dna_foundation_model/figures/rc_consistency/m4/M4_chr7_137924469_137928564_rc_compare.npz
M4,,,M4_chr7_4391321_4395416,corr,0.1925121474179154,4096,4096x4096,/gpfs/scratch/bty252/dna_foundation_model/figures/rc_consistency/m4/M4_chr7_4391321_4395416_rc_compare.npz
M4,,,M4_chrX_127567034_127571129,corr,0.2108076472335215,4096,4096x4096,/gpfs/scratch/bty252/dna_foundation_model/figures/rc_consistency/m4/M4_chrX_127567034_127571129_rc_compare.npz
M4,,,M4_chrX_130740848_130744943,corr,0.32259108455672947,4096,4096x4096,/gpfs/scratch/bty252/dna_foundation_model/figures/rc_consistency/m4/M4_chrX_130740848_130744943_rc_compare.npz
M4,,,M4_chrX_83970161_83974256,corr,0.14857586505089967,4096,4096x4096,/gpfs/scratch/bty252/dna_foundation_model/figures/rc_consistency/m4/M4_chrX_83970161_83974256_rc_compare.npz
M5,,,M5_chr10_110104373_110108468,corr,0.05326129108843309,4096,4096x4096,/gpfs/scratch/bty252/dna_foundation_model/figures/rc_consistency/m5/M5_chr10_110104373_110108468_rc_compare.npz
M5,,,M5_chr10_19287595_19291690,corr,0.0511243795030746,4096,4096x4096,/gpfs/scratch/bty252/dna_foundation_model/figures/rc_consistency/m5/M5_chr10_19287595_19291690_rc_compare.npz
M5,,,M5_chr10_4663039_4667134,corr,0.05598750817401961,4096,4096x4096,/gpfs/scratch/bty252/dna_foundation_model/figures/rc_consistency/m5/M5_chr10_4663039_4667134_rc_compare.npz
M5,,,M5_chr14_101543080_101547175,corr,0.04804032324221135,4096,4096x4096,/gpfs/scratch/bty252/dna_foundation_model/figures/rc_consistency/m5/M5_chr14_101543080_101547175_rc_compare.npz
M5,,,M5_chr14_26677340_26681435,corr,0.08844059966752037,4096,4096x4096,/gpfs/scratch/bty252/dna_foundation_model/figures/rc_consistency/m5/M5_chr14_26677340_26681435_rc_compare.npz
M5,,,M5_chr14_33378322_33382417,corr,0.061966441325171956,4096,4096x4096,/gpfs/scratch/bty252/dna_foundation_model/figures/rc_consistency/m5/M5_chr14_33378322_33382417_rc_compare.npz
M5,,,M5_chr17_22742263_22746358,corr,0.05697137905832585,4096,4096x4096,/gpfs/scratch/bty252/dna_foundation_model/figures/rc_consistency/m5/M5_chr17_22742263_22746358_rc_compare.npz
M5,,,M5_chr17_35243344_35247439,corr,0.06858879026038198,4096,4096x4096,/gpfs/scratch/bty252/dna_foundation_model/figures/rc_consistency/m5/M5_chr17_35243344_35247439_rc_compare.npz
M5,,,M5_chr17_72349260_72353355,corr,0.05037167746226279,4096,4096x4096,/gpfs/scratch/bty252/dna_foundation_model/figures/rc_consistency/m5/M5_chr17_72349260_72353355_rc_compare.npz
M5,,,M5_chr1_117801428_117805523,corr,0.0727035176986369,4096,4096x4096,/gpfs/scratch/bty252/dna_foundation_model/figures/rc_consistency/m5/M5_chr1_117801428_117805523_rc_compare.npz
M5,,,M5_chr1_188000709_188004804,corr,0.0906906047344273,4096,4096x4096,/gpfs/scratch/bty252/dna_foundation_model/figures/rc_consistency/m5/M5_chr1_188000709_188004804_rc_compare.npz
M5,,,M5_chr1_236620149_236624244,corr,0.0535433001857094,4096,4096x4096,/gpfs/scratch/bty252/dna_foundation_model/figures/rc_consistency/m5/M5_chr1_236620149_236624244_rc_compare.npz
M5,,,M5_chr21_12003041_12007136,corr,0.0626107093822822,4096,4096x4096,/gpfs/scratch/bty252/dna_foundation_model/figures/rc_consistency/m5/M5_chr21_12003041_12007136_rc_compare.npz
M5,,,M5_chr21_19112010_19116105,corr,0.05068169343902812,4096,4096x4096,/gpfs/scratch/bty252/dna_foundation_model/figures/rc_consistency/m5/M5_chr21_19112010_19116105_rc_compare.npz
M5,,,M5_chr21_38658585_38662680,corr,0.03806058213501194,4096,4096x4096,/gpfs/scratch/bty252/dna_foundation_model/figures/rc_consistency/m5/M5_chr21_38658585_38662680_rc_compare.npz
M5,,,M5_chr3_108979737_108983832,corr,0.11285196975715793,4096,4096x4096,/gpfs/scratch/bty252/dna_foundation_model/figures/rc_consistency/m5/M5_chr3_108979737_108983832_rc_compare.npz
M5,,,M5_chr3_127665795_127669890,corr,0.051632891273055245,4096,4096x4096,/gpfs/scratch/bty252/dna_foundation_model/figures/rc_consistency/m5/M5_chr3_127665795_127669890_rc_compare.npz
M5,,,M5_chr3_17001367_17005462,corr,0.045746923827506066,4096,4096x4096,/gpfs/scratch/bty252/dna_foundation_model/figures/rc_consistency/m5/M5_chr3_17001367_17005462_rc_compare.npz
M5,,,M5_chr7_120066194_120070289,corr,0.054413468863255834,4096,4096x4096,/gpfs/scratch/bty252/dna_foundation_model/figures/rc_consistency/m5/M5_chr7_120066194_120070289_rc_compare.npz
M5,,,M5_chr7_137924469_137928564,corr,0.06121391224073001,4096,4096x4096,/gpfs/scratch/bty252/dna_foundation_model/figures/rc_consistency/m5/M5_chr7_137924469_137928564_rc_compare.npz
M5,,,M5_chr7_4391321_4395416,corr,0.07429859725766834,4096,4096x4096,/gpfs/scratch/bty252/dna_foundation_model/figures/rc_consistency/m5/M5_chr7_4391321_4395416_rc_compare.npz
M5,,,M5_chrX_127567034_127571129,corr,0.06626722474072069,4096,4096x4096,/gpfs/scratch/bty252/dna_foundation_model/figures/rc_consistency/m5/M5_chrX_127567034_127571129_rc_compare.npz
M5,,,M5_chrX_130740848_130744943,corr,0.07831504437849568,4096,4096x4096,/gpfs/scratch/bty252/dna_foundation_model/figures/rc_consistency/m5/M5_chrX_130740848_130744943_rc_compare.npz
M5,,,M5_chrX_83970161_83974256,corr,0.04219436465184073,4096,4096x4096,/gpfs/scratch/bty252/dna_foundation_model/figures/rc_consistency/m5/M5_chrX_83970161_83974256_rc_compare.npz
M6,,,M6_chr10_110104373_110108468,corr,0.05756402994277528,4096,4096x4096,/gpfs/scratch/bty252/dna_foundation_model/figures/rc_consistency/m6/M6_chr10_110104373_110108468_rc_compare.npz
M6,,,M6_chr10_19287595_19291690,corr,0.05807173174198004,4096,4096x4096,/gpfs/scratch/bty252/dna_foundation_model/figures/rc_consistency/m6/M6_chr10_19287595_19291690_rc_compare.npz
M6,,,M6_chr10_4663039_4667134,corr,0.06473915523257286,4096,4096x4096,/gpfs/scratch/bty252/dna_foundation_model/figures/rc_consistency/m6/M6_chr10_4663039_4667134_rc_compare.npz
M6,,,M6_chr14_101543080_101547175,corr,0.05560781788364577,4096,4096x4096,/gpfs/scratch/bty252/dna_foundation_model/figures/rc_consistency/m6/M6_chr14_101543080_101547175_rc_compare.npz
M6,,,M6_chr14_26677340_26681435,corr,0.1117864946223878,4096,4096x4096,/gpfs/scratch/bty252/dna_foundation_model/figures/rc_consistency/m6/M6_chr14_26677340_26681435_rc_compare.npz
M6,,,M6_chr14_33378322_33382417,corr,0.0580266354745944,4096,4096x4096,/gpfs/scratch/bty252/dna_foundation_model/figures/rc_consistency/m6/M6_chr14_33378322_33382417_rc_compare.npz
M6,,,M6_chr17_22742263_22746358,corr,0.0630955559515856,4096,4096x4096,/gpfs/scratch/bty252/dna_foundation_model/figures/rc_consistency/m6/M6_chr17_22742263_22746358_rc_compare.npz
M6,,,M6_chr17_35243344_35247439,corr,0.06847827733476464,4096,4096x4096,/gpfs/scratch/bty252/dna_foundation_model/figures/rc_consistency/m6/M6_chr17_35243344_35247439_rc_compare.npz
M6,,,M6_chr17_72349260_72353355,corr,0.0552232708401276,4096,4096x4096,/gpfs/scratch/bty252/dna_foundation_model/figures/rc_consistency/m6/M6_chr17_72349260_72353355_rc_compare.npz
M6,,,M6_chr1_117801428_117805523,corr,0.08448238669226268,4096,4096x4096,/gpfs/scratch/bty252/dna_foundation_model/figures/rc_consistency/m6/M6_chr1_117801428_117805523_rc_compare.npz
M6,,,M6_chr1_188000709_188004804,corr,0.09708029612722419,4096,4096x4096,/gpfs/scratch/bty252/dna_foundation_model/figures/rc_consistency/m6/M6_chr1_188000709_188004804_rc_compare.npz
M6,,,M6_chr1_236620149_236624244,corr,0.05472850374538717,4096,4096x4096,/gpfs/scratch/bty252/dna_foundation_model/figures/rc_consistency/m6/M6_chr1_236620149_236624244_rc_compare.npz
M6,,,M6_chr21_12003041_12007136,corr,0.1418751908979577,4096,4096x4096,/gpfs/scratch/bty252/dna_foundation_model/figures/rc_consistency/m6/M6_chr21_12003041_12007136_rc_compare.npz
M6,,,M6_chr21_19112010_19116105,corr,0.0524916843438529,4096,4096x4096,/gpfs/scratch/bty252/dna_foundation_model/figures/rc_consistency/m6/M6_chr21_19112010_19116105_rc_compare.npz
M6,,,M6_chr21_38658585_38662680,corr,0.04765476239110788,4096,4096x4096,/gpfs/scratch/bty252/dna_foundation_model/figures/rc_consistency/m6/M6_chr21_38658585_38662680_rc_compare.npz
M6,,,M6_chr3_108979737_108983832,corr,0.11634320926994196,4096,4096x4096,/gpfs/scratch/bty252/dna_foundation_model/figures/rc_consistency/m6/M6_chr3_108979737_108983832_rc_compare.npz
M6,,,M6_chr3_127665795_127669890,corr,0.06926604299828656,4096,4096x4096,/gpfs/scratch/bty252/dna_foundation_model/figures/rc_consistency/m6/M6_chr3_127665795_127669890_rc_compare.npz
M6,,,M6_chr3_17001367_17005462,corr,0.05365559531496038,4096,4096x4096,/gpfs/scratch/bty252/dna_foundation_model/figures/rc_consistency/m6/M6_chr3_17001367_17005462_rc_compare.npz
M6,,,M6_chr7_120066194_120070289,corr,0.05699452247299021,4096,4096x4096,/gpfs/scratch/bty252/dna_foundation_model/figures/rc_consistency/m6/M6_chr7_120066194_120070289_rc_compare.npz
M6,,,M6_chr7_137924469_137928564,corr,0.06985639126769103,4096,4096x4096,/gpfs/scratch/bty252/dna_foundation_model/figures/rc_consistency/m6/M6_chr7_137924469_137928564_rc_compare.npz
M6,,,M6_chr7_4391321_4395416,corr,0.08364664556258043,4096,4096x4096,/gpfs/scratch/bty252/dna_foundation_model/figures/rc_consistency/m6/M6_chr7_4391321_4395416_rc_compare.npz
M6,,,M6_chrX_127567034_127571129,corr,0.06706616676799709,4096,4096x4096,/gpfs/scratch/bty252/dna_foundation_model/figures/rc_consistency/m6/M6_chrX_127567034_127571129_rc_compare.npz
M6,,,M6_chrX_130740848_130744943,corr,0.08723687536561596,4096,4096x4096,/gpfs/scratch/bty252/dna_foundation_model/figures/rc_consistency/m6/M6_chrX_130740848_130744943_rc_compare.npz
M6,,,M6_chrX_83970161_83974256,corr,0.0389076921269262,4096,4096x4096,/gpfs/scratch/bty252/dna_foundation_model/figures/rc_consistency/m6/M6_chrX_83970161_83974256_rc_compare.npz
